[{"personal_nino":"SX453505A","personal_title":"SIR","personal_firstName":"Barbara","personal_secondName":"Mark","personal_lastName":"Norman","personal_fullName":"Barbara Norman","personal_startDate":"09/08/2004","personal_dobFormatted":"20/02/1975","personal_name1DrivingLicence":"NORMA702205B99GN","personal_email":"barbara.norman@helloworld.com","personal_mobileNumber":"07163420948","personal_gender":"F","personal_nationality":"Japanese","residentialAddress_firstLine":"400 Coltness Rd","residentialAddress_city":"Wishaw","residentialAddress_county":"Lanarkshire","residentialAddress_postCode":"ML2 7HP","residentialAddress_moveInDate":"14/11/2014","financial_accountName":"POCA","financial_accountNumber":"13955377","financial_iban":"Wr73NEtA70287597638395","financial_sortCode":"210322","financial_swift":"vjvKPE85Zcv","financial_rollNumber":"iPQ-B740929/e","financial_accountTypes":"BA45004"}]