[{"personal_nino":"NT488932C","personal_title":"MRS","personal_firstName":"Bernard","personal_secondName":"Mary","personal_lastName":"Baxter","personal_fullName":"Bernard Baxter","personal_startDate":"19/05/1981","personal_dobFormatted":"03/06/1969","personal_name1DrivingLicence":"BAXTE606039B99RI","personal_email":"bernard.baxter@hotmail.co.uk","personal_mobileNumber":"07443523964","personal_gender":"F","personal_nationality":"French","residentialAddress_firstLine":"3 Callender Gardens","residentialAddress_city":"Dundee","residentialAddress_county":"Angus","residentialAddress_postCode":"DD4 6BY","residentialAddress_moveInDate":"22/09/2014","financial_accountName":"Credit Union","financial_accountNumber":"13749366","financial_iban":"Gx69OzLi32830141184654","financial_sortCode":"416984","financial_swift":"SqDtMD06Teb","financial_rollNumber":"whD-E512346/f","financial_accountTypes":"BA45000"}]