"personal_firstName","personal_lastName","personal_email","residentialAddress_fullAddress"
"John","Weir","john.weir@outlook.com","1 Glasgow Road, Edinburgh, Midlothian, EH12 8HW"
"Michael","Montgomery","michael.montgomery@hotmail.co.uk","400 Coltness Rd, Wishaw, Lanarkshire, ML2 7HP"
"Karen","Murray","karen.murray@googlemail.com","Castle Wynd, Stirling, Perthshire, FK8 1EJ"
"Paul","Lescott","paul.lescott@aol.com","Castle Wynd, Stirling, Perthshire, FK8 1EJ"
"Christopher","James","christopher.james@hotmail.com","16 Pinetree Avenue, Lenzie, Dunbartonshire, G66 4EQ"
"Peter","Scott","peter.scott@googlemail.com","16 Pinetree Avenue, Lenzie, Dunbartonshire, G66 4EQ"
"Donna","Montgomery","donna.montgomery@googlemail.com","61 Pinetree Avenue, Lenzie, Dunbartonshire, G66 4EQ"
"Mark","Scott","mark.scott@hotmail.com","111 Queen St, Glasgow, Glasgow, G1 3AH"
"Linda","Hayes","linda.hayes@example.com","1 Glasgow Road, Edinburgh, Midlothian, EH12 8HW"
"Martin","McGregor","martin.mcgregor@example.com","Castle Wynd, Stirling, Perthshire, FK8 1EJ"
"Charles","Baxter","charles.baxter@live.co.uk","111 Queen St, Glasgow, Glasgow, G1 3AH"
"Donald","Jenkins","donald.jenkins@live.com","12 Northfield Farm Road, Edinburgh, Midlothian, EH8 7QR"
"Joshua","James","joshua.james@example.com","61 Pinetree Avenue, Lenzie, Dunbartonshire, G66 4EQ"
"Peter","Smith","peter.smith@googlemail.com","16 Pinetree Avenue, Lenzie, Dunbartonshire, G66 4EQ"
"Daniel","Norman","daniel.norman@outlook.com","3 Callender Gardens, Dundee, Angus, DD4 6BY"
"Patricia","Norman","patricia.norman@live.co.uk","1 Glasgow Road, Edinburgh, Midlothian, EH12 8HW"
"Karen","James","karen.james@live.com","3 Callender Gardens, Dundee, Angus, DD4 6BY"
"Joanna","Barry","joanna.barry@outlook.com","16 Pinetree Avenue, Lenzie, Dunbartonshire, G66 4EQ"
"Bobby","Brown","bobby.brown@live.co.uk","20 High Mill Court, Dundee, Angus, DD2 1UN"
"Karen","Hayes","karen.hayes@live.co.uk","10 Princes Street, Dundee, Angus, DD4 6BY"
"Amber","Smith","amber.smith@googlemail.com","111 Queen St, Glasgow, Glasgow, G1 3AH"
"Ashley","Montgomery","ashley.montgomery@helloworld.com","Castle Wynd, Stirling, Perthshire, FK8 1EJ"
"Susan","Anderson","susan.anderson@gmail.com","98 Howatson Court, Livingston, Midlothian, EH54 7FH"
"Kimberly","Murray","kimberly.murray@hotmail.com","1 Glasgow Road, Edinburgh, Midlothian, EH12 8HW"
"Richard","Lescott","richard.lescott@hotmail.co.uk","1 Glasgow Road, Edinburgh, Midlothian, EH12 8HW"
"Paul","Jenkins","paul.jenkins@gmail.com","61 Pinetree Avenue, Lenzie, Dunbartonshire, G66 4EQ"
"Stephen","Lescott","stephen.lescott@live.com","10 Princes Street, Dundee, Angus, DD4 6BY"
"Francis","Montgomery","francis.montgomery@live.com","111 Queen St, Glasgow, Glasgow, G1 3AH"
"Sarah","Scott","sarah.scott@live.com","12 Northfield Farm Road, Edinburgh, Midlothian, EH8 7QR"
"Kenneth","Murray","kenneth.murray@outlook.com","10 Princes Street, Dundee, Angus, DD4 6BY"
"Margaret","Weir","margaret.weir@gmail.com","111 Queen St, Glasgow, Glasgow, G1 3AH"
"Stephen","Norman","stephen.norman@hotmail.com","10 Princes Street, Dundee, Angus, DD4 6BY"
"Donald","Smith","donald.smith@aol.com","400 Coltness Rd, Wishaw, Lanarkshire, ML2 7HP"
"Francis","Weir","francis.weir@aol.com","111 Queen St, Glasgow, Glasgow, G1 3AH"
"Margaret","Barry","margaret.barry@helloworld.com","3 Callender Gardens, Dundee, Angus, DD4 6BY"
"Andrew","Barry","andrew.barry@live.com","1 Glasgow Road, Edinburgh, Midlothian, EH12 8HW"
"Stephen","Baxter","stephen.baxter@gmail.com","Castle Wynd, Stirling, Perthshire, FK8 1EJ"
"Christopher","Norman","christopher.norman@example.com","12 Northfield Farm Road, Edinburgh, Midlothian, EH8 7QR"
"Betty","Brown","betty.brown@aol.com","98 Howatson Court, Livingston, Midlothian, EH54 7FH"
"Margaret","Norman","margaret.norman@live.com","1 Glasgow Road, Edinburgh, Midlothian, EH12 8HW"
"Dorothy","McGregor","dorothy.mcgregor@hotmail.com","61 Pinetree Avenue, Lenzie, Dunbartonshire, G66 4EQ"
"Nancy","Hayes","nancy.hayes@gmail.com","12 Northfield Farm Road, Edinburgh, Midlothian, EH8 7QR"
"Barbara","Hayes","barbara.hayes@outlook.com","3 Callender Gardens, Dundee, Angus, DD4 6BY"
"Carol","McGregor","carol.mcgregor@live.co.uk","1 Glasgow Road, Edinburgh, Midlothian, EH12 8HW"
"John","Hayes","john.hayes@aol.com","20 High Mill Court, Dundee, Angus, DD2 1UN"
"Michael","Montgomery","michael.montgomery@live.co.uk","3 Callender Gardens, Dundee, Angus, DD4 6BY"
"Sarah","Norman","sarah.norman@outlook.com","12 Northfield Farm Road, Edinburgh, Midlothian, EH8 7QR"
"Nancy","Hayes","nancy.hayes@aol.com","1 Glasgow Road, Edinburgh, Midlothian, EH12 8HW"
"Thomas","McGregor","thomas.mcgregor@live.com","12 Northfield Farm Road, Edinburgh, Midlothian, EH8 7QR"
"Lisa","Barry","lisa.barry@outlook.com","12 Northfield Farm Road, Edinburgh, Midlothian, EH8 7QR"
"James","Weir","james.weir@example.com","400 Coltness Rd, Wishaw, Lanarkshire, ML2 7HP"
"Anthony","Hayes","anthony.hayes@gmail.com","3 Callender Gardens, Dundee, Angus, DD4 6BY"
"Donald","Baxter","donald.baxter@live.co.uk","Castle Wynd, Stirling, Perthshire, FK8 1EJ"
"Michael","Jenkins","michael.jenkins@helloworld.com","20 High Mill Court, Dundee, Angus, DD2 1UN"
"James","Hayes","james.hayes@example.com","Castle Wynd, Stirling, Perthshire, FK8 1EJ"
"James","Brown","james.brown@live.co.uk","61 Pinetree Avenue, Lenzie, Dunbartonshire, G66 4EQ"
"Bernard","Jenkins","bernard.jenkins@hotmail.com","Castle Wynd, Stirling, Perthshire, FK8 1EJ"
"Mark","Hayes","mark.hayes@hotmail.com","3 Callender Gardens, Dundee, Angus, DD4 6BY"
"Bernard","Brown","bernard.brown@live.com","10 Princes Street, Dundee, Angus, DD4 6BY"
"Robert","Lescott","robert.lescott@hotmail.com","1 Glasgow Road, Edinburgh, Midlothian, EH12 8HW"
"Michelle","Hayes","michelle.hayes@gmail.com","1 Glasgow Road, Edinburgh, Midlothian, EH12 8HW"
"Carol","Jenkins","carol.jenkins@googlemail.com","400 Coltness Rd, Wishaw, Lanarkshire, ML2 7HP"
"Donald","McGregor","donald.mcgregor@hotmail.co.uk","10 Princes Street, Dundee, Angus, DD4 6BY"
"Joshua","McGregor","joshua.mcgregor@live.co.uk","400 Coltness Rd, Wishaw, Lanarkshire, ML2 7HP"
"Andrew","Hayes","andrew.hayes@aol.com","20 High Mill Court, Dundee, Angus, DD2 1UN"
"Matthew","Hayes","matthew.hayes@live.co.uk","1 Glasgow Road, Edinburgh, Midlothian, EH12 8HW"
"Ashley","Smith","ashley.smith@live.co.uk","12 Northfield Farm Road, Edinburgh, Midlothian, EH8 7QR"
"Betty","Owen","betty.owen@googlemail.com","61 Pinetree Avenue, Lenzie, Dunbartonshire, G66 4EQ"
"Betty","Martin","betty.martin@helloworld.com","Castle Wynd, Stirling, Perthshire, FK8 1EJ"
"Richard","McGregor","richard.mcgregor@live.com","Castle Wynd, Stirling, Perthshire, FK8 1EJ"
"Daniel","James","daniel.james@googlemail.com","Castle Wynd, Stirling, Perthshire, FK8 1EJ"
"Sarah","Hayes","sarah.hayes@gmail.com","1 Glasgow Road, Edinburgh, Midlothian, EH12 8HW"
"Bobby","McGregor","bobby.mcgregor@hotmail.co.uk","12 Northfield Farm Road, Edinburgh, Midlothian, EH8 7QR"
"Anthony","Anderson","anthony.anderson@outlook.com","10 Princes Street, Dundee, Angus, DD4 6BY"
"Mark","Montgomery","mark.montgomery@live.com","400 Coltness Rd, Wishaw, Lanarkshire, ML2 7HP"
"Robert","Anderson","robert.anderson@googlemail.com","111 Queen St, Glasgow, Glasgow, G1 3AH"
"Joshua","Montgomery","joshua.montgomery@outlook.com","Castle Wynd, Stirling, Perthshire, FK8 1EJ"
"Richard","Montgomery","richard.montgomery@live.co.uk","98 Howatson Court, Livingston, Midlothian, EH54 7FH"
"Sarah","Scott","sarah.scott@hotmail.co.uk","98 Howatson Court, Livingston, Midlothian, EH54 7FH"
"Richard","Owen","richard.owen@gmail.com","20 High Mill Court, Dundee, Angus, DD2 1UN"
"Lisa","Weir","lisa.weir@aol.com","3 Callender Gardens, Dundee, Angus, DD4 6BY"
"Ashley","James","ashley.james@aol.com","400 Coltness Rd, Wishaw, Lanarkshire, ML2 7HP"
"John","Baxter","john.baxter@live.com","61 Pinetree Avenue, Lenzie, Dunbartonshire, G66 4EQ"
"Michael","Montgomery","michael.montgomery@outlook.com","16 Pinetree Avenue, Lenzie, Dunbartonshire, G66 4EQ"
"Joseph","Anderson","joseph.anderson@googlemail.com","10 Princes Street, Dundee, Angus, DD4 6BY"
"Robert","Martin","robert.martin@example.com","1 Glasgow Road, Edinburgh, Midlothian, EH12 8HW"
"Elizabeth","Baxter","elizabeth.baxter@live.co.uk","3 Callender Gardens, Dundee, Angus, DD4 6BY"
"Ashley","Jenkins","ashley.jenkins@gmail.com","Castle Wynd, Stirling, Perthshire, FK8 1EJ"
"Richard","Norman","richard.norman@gmail.com","16 Pinetree Avenue, Lenzie, Dunbartonshire, G66 4EQ"
"Joshua","Hayes","joshua.hayes@hotmail.co.uk","20 High Mill Court, Dundee, Angus, DD2 1UN"
"Joshua","Baxter","joshua.baxter@aol.com","12 Northfield Farm Road, Edinburgh, Midlothian, EH8 7QR"
"Elizabeth","Brown","elizabeth.brown@helloworld.com","400 Coltness Rd, Wishaw, Lanarkshire, ML2 7HP"
"Linda","Murray","linda.murray@outlook.com","20 High Mill Court, Dundee, Angus, DD2 1UN"
"Karen","Baxter","karen.baxter@outlook.com","111 Queen St, Glasgow, Glasgow, G1 3AH"
"Sandra","James","sandra.james@aol.com","400 Coltness Rd, Wishaw, Lanarkshire, ML2 7HP"
"Steven","Martin","steven.martin@gmail.com","20 High Mill Court, Dundee, Angus, DD2 1UN"
"James","Brown","james.brown@example.com","98 Howatson Court, Livingston, Midlothian, EH54 7FH"
"Mark","Jenkins","mark.jenkins@live.com","61 Pinetree Avenue, Lenzie, Dunbartonshire, G66 4EQ"
"Nancy","Lescott","nancy.lescott@aol.com","400 Coltness Rd, Wishaw, Lanarkshire, ML2 7HP"
"Oscar","Anderson","oscar.anderson@hotmail.co.uk","111 Queen St, Glasgow, Glasgow, G1 3AH"