[{"personal_nino":"JK393368C","personal_title":"CAPT","personal_firstName":"Paul","personal_secondName":"Andrew","personal_lastName":"Scott","personal_fullName":"Paul Scott","personal_startDate":"26/01/1988","personal_dobFormatted":"12/09/1960","personal_name1DrivingLicence":"SCOTT609120P99IT","personal_email":"paul.scott@live.co.uk","personal_mobileNumber":"07486835011","personal_gender":"F","personal_nationality":"Swiss","residentialAddress_firstLine":"1 Glasgow Road","residentialAddress_city":"Edinburgh","residentialAddress_county":"Midlothian","residentialAddress_postCode":"EH12 8HW","residentialAddress_moveInDate":"11/12/2015","financial_accountName":"IMOVO","financial_accountNumber":"70236249","financial_iban":"gF69Zyln90136650630677","financial_sortCode":"922257","financial_swift":"VUvLnz59Gna","financial_rollNumber":"JKb-Z448588/b","financial_accountTypes":"BA45004"}]