[{"personal_nino":"PH913711A","personal_title":"MRS","personal_firstName":"Joshua","personal_secondName":"Patricia","personal_lastName":"Montgomery","personal_fullName":"Joshua Montgomery","personal_startDate":"31/08/2016","personal_dobFormatted":"22/12/1984","personal_name1DrivingLicence":"MONTG812224J99IS","personal_email":"joshua.montgomery@helloworld.com","personal_mobileNumber":"07818777571","personal_gender":"F","personal_nationality":"Chinese","residentialAddress_firstLine":"12 Northfield Farm Road","residentialAddress_city":"Edinburgh","residentialAddress_county":"Midlothian","residentialAddress_postCode":"EH8 7QR","residentialAddress_moveInDate":"17/06/2023","financial_accountName":"IMOVO","financial_accountNumber":"48902027","financial_iban":"hE07azQL08398128864311","financial_sortCode":"106681","financial_swift":"ihJyeV86DSv","financial_rollNumber":"SGw-V333802/I","financial_accountTypes":"BA45004"}]