"personal_firstName","personal_lastName","personal_email","residentialAddress_fullAddress"
"Andrew","Martin","andrew.martin@hotmail.com","3 Callender Gardens, Dundee, Angus, DD4 6BY"
"Jessica","Smith","jessica.smith@outlook.com","111 Queen St, Glasgow, Glasgow, G1 3AH"
"Thomas","Brown","thomas.brown@helloworld.com","16 Pinetree Avenue, Lenzie, Dunbartonshire, G66 4EQ"
"Donna","Lescott","donna.lescott@live.co.uk","20 High Mill Court, Dundee, Angus, DD2 1UN"
"Nancy","Montgomery","nancy.montgomery@live.co.uk","12 Northfield Farm Road, Edinburgh, Midlothian, EH8 7QR"
"John","Martin","john.martin@outlook.com","111 Queen St, Glasgow, Glasgow, G1 3AH"
"Barbara","Smith","barbara.smith@aol.com","Castle Wynd, Stirling, Perthshire, FK8 1EJ"
"Daniel","McGregor","daniel.mcgregor@example.com","400 Coltness Rd, Wishaw, Lanarkshire, ML2 7HP"
"Elizabeth","Barry","elizabeth.barry@helloworld.com","3 Callender Gardens, Dundee, Angus, DD4 6BY"
"Mark","McGregor","mark.mcgregor@live.co.uk","1 Glasgow Road, Edinburgh, Midlothian, EH12 8HW"
"Jessica","McGregor","jessica.mcgregor@hotmail.co.uk","98 Howatson Court, Livingston, Midlothian, EH54 7FH"
"Michelle","Smith","michelle.smith@hotmail.com","111 Queen St, Glasgow, Glasgow, G1 3AH"
"Bobby","Lescott","bobby.lescott@hotmail.co.uk","61 Pinetree Avenue, Lenzie, Dunbartonshire, G66 4EQ"
"William","Barry","william.barry@live.co.uk","16 Pinetree Avenue, Lenzie, Dunbartonshire, G66 4EQ"
"Jennifer","Anderson","jennifer.anderson@hotmail.co.uk","10 Princes Street, Dundee, Angus, DD4 6BY"
"John","Martin","john.martin@example.com","Castle Wynd, Stirling, Perthshire, FK8 1EJ"
"Bobby","Anderson","bobby.anderson@outlook.com","Castle Wynd, Stirling, Perthshire, FK8 1EJ"
"Francis","Owen","francis.owen@googlemail.com","16 Pinetree Avenue, Lenzie, Dunbartonshire, G66 4EQ"
"Francis","McGregor","francis.mcgregor@aol.com","61 Pinetree Avenue, Lenzie, Dunbartonshire, G66 4EQ"
"Steven","Weir","steven.weir@hotmail.com","20 High Mill Court, Dundee, Angus, DD2 1UN"
"Andrew","Baxter","andrew.baxter@gmail.com","Castle Wynd, Stirling, Perthshire, FK8 1EJ"
"Barbara","Hayes","barbara.hayes@aol.com","98 Howatson Court, Livingston, Midlothian, EH54 7FH"
"Donald","Smith","donald.smith@helloworld.com","Castle Wynd, Stirling, Perthshire, FK8 1EJ"
"Mark","Anderson","mark.anderson@gmail.com","111 Queen St, Glasgow, Glasgow, G1 3AH"
"James","Baxter","james.baxter@helloworld.com","16 Pinetree Avenue, Lenzie, Dunbartonshire, G66 4EQ"
"Betty","Baxter","betty.baxter@hotmail.com","1 Glasgow Road, Edinburgh, Midlothian, EH12 8HW"
"Patricia","Anderson","patricia.anderson@live.com","10 Princes Street, Dundee, Angus, DD4 6BY"
"Richard","Smith","richard.smith@helloworld.com","400 Coltness Rd, Wishaw, Lanarkshire, ML2 7HP"
"Christopher","Hayes","christopher.hayes@hotmail.com","61 Pinetree Avenue, Lenzie, Dunbartonshire, G66 4EQ"
"Matthew","Montgomery","matthew.montgomery@live.com","111 Queen St, Glasgow, Glasgow, G1 3AH"
"Linda","Norman","linda.norman@aol.com","Castle Wynd, Stirling, Perthshire, FK8 1EJ"
"David","Lescott","david.lescott@aol.com","1 Glasgow Road, Edinburgh, Midlothian, EH12 8HW"
"Jennifer","Scott","jennifer.scott@outlook.com","1 Glasgow Road, Edinburgh, Midlothian, EH12 8HW"
"Linda","Owen","linda.owen@gmail.com","Castle Wynd, Stirling, Perthshire, FK8 1EJ"
"Donald","Brown","donald.brown@aol.com","10 Princes Street, Dundee, Angus, DD4 6BY"
"Nancy","Barry","nancy.barry@googlemail.com","20 High Mill Court, Dundee, Angus, DD2 1UN"
"Ashley","James","ashley.james@outlook.com","61 Pinetree Avenue, Lenzie, Dunbartonshire, G66 4EQ"
"Nancy","Lescott","nancy.lescott@hotmail.co.uk","12 Northfield Farm Road, Edinburgh, Midlothian, EH8 7QR"
"John","Weir","john.weir@aol.com","10 Princes Street, Dundee, Angus, DD4 6BY"
"Lisa","Montgomery","lisa.montgomery@hotmail.com","Castle Wynd, Stirling, Perthshire, FK8 1EJ"
"Richard","McGregor","richard.mcgregor@live.co.uk","16 Pinetree Avenue, Lenzie, Dunbartonshire, G66 4EQ"
"David","McGregor","david.mcgregor@live.com","98 Howatson Court, Livingston, Midlothian, EH54 7FH"
"Thomas","Anderson","thomas.anderson@hotmail.co.uk","1 Glasgow Road, Edinburgh, Midlothian, EH12 8HW"
"Francis","Murray","francis.murray@googlemail.com","Castle Wynd, Stirling, Perthshire, FK8 1EJ"
"Matthew","Owen","matthew.owen@aol.com","10 Princes Street, Dundee, Angus, DD4 6BY"
"Christopher","Jenkins","christopher.jenkins@live.com","3 Callender Gardens, Dundee, Angus, DD4 6BY"
"Matthew","Montgomery","matthew.montgomery@example.com","20 High Mill Court, Dundee, Angus, DD2 1UN"
"Oscar","Lescott","oscar.lescott@live.co.uk","61 Pinetree Avenue, Lenzie, Dunbartonshire, G66 4EQ"
"Bernard","Barry","bernard.barry@googlemail.com","98 Howatson Court, Livingston, Midlothian, EH54 7FH"
"Peter","Montgomery","peter.montgomery@googlemail.com","61 Pinetree Avenue, Lenzie, Dunbartonshire, G66 4EQ"
"Emily","Jenkins","emily.jenkins@googlemail.com","Castle Wynd, Stirling, Perthshire, FK8 1EJ"
"Joanna","Norman","joanna.norman@helloworld.com","Castle Wynd, Stirling, Perthshire, FK8 1EJ"
"Karen","Smith","karen.smith@googlemail.com","61 Pinetree Avenue, Lenzie, Dunbartonshire, G66 4EQ"
"Charles","Hayes","charles.hayes@live.co.uk","1 Glasgow Road, Edinburgh, Midlothian, EH12 8HW"
"Kimberly","Anderson","kimberly.anderson@live.com","1 Glasgow Road, Edinburgh, Midlothian, EH12 8HW"
"David","Lescott","david.lescott@example.com","10 Princes Street, Dundee, Angus, DD4 6BY"
"Patricia","Baxter","patricia.baxter@aol.com","12 Northfield Farm Road, Edinburgh, Midlothian, EH8 7QR"
"Bernard","Smith","bernard.smith@hotmail.com","20 High Mill Court, Dundee, Angus, DD2 1UN"
"Patricia","James","patricia.james@aol.com","12 Northfield Farm Road, Edinburgh, Midlothian, EH8 7QR"
"Donald","Hayes","donald.hayes@gmail.com","1 Glasgow Road, Edinburgh, Midlothian, EH12 8HW"
"Elizabeth","Baxter","elizabeth.baxter@hotmail.co.uk","111 Queen St, Glasgow, Glasgow, G1 3AH"
"Joshua","Baxter","joshua.baxter@live.co.uk","98 Howatson Court, Livingston, Midlothian, EH54 7FH"
"John","Murray","john.murray@example.com","12 Northfield Farm Road, Edinburgh, Midlothian, EH8 7QR"
"Richard","Hayes","richard.hayes@example.com","16 Pinetree Avenue, Lenzie, Dunbartonshire, G66 4EQ"
"Andrew","Montgomery","andrew.montgomery@live.co.uk","20 High Mill Court, Dundee, Angus, DD2 1UN"
"Anthony","James","anthony.james@gmail.com","3 Callender Gardens, Dundee, Angus, DD4 6BY"
"Richard","McGregor","richard.mcgregor@helloworld.com","10 Princes Street, Dundee, Angus, DD4 6BY"
"Andrew","Scott","andrew.scott@googlemail.com","10 Princes Street, Dundee, Angus, DD4 6BY"
"Michael","Norman","michael.norman@googlemail.com","1 Glasgow Road, Edinburgh, Midlothian, EH12 8HW"
"Francis","Anderson","francis.anderson@hotmail.com","61 Pinetree Avenue, Lenzie, Dunbartonshire, G66 4EQ"
"Sarah","Anderson","sarah.anderson@googlemail.com","1 Glasgow Road, Edinburgh, Midlothian, EH12 8HW"
"Joseph","Anderson","joseph.anderson@aol.com","12 Northfield Farm Road, Edinburgh, Midlothian, EH8 7QR"
"Oscar","Martin","oscar.martin@hotmail.co.uk","20 High Mill Court, Dundee, Angus, DD2 1UN"
"Susan","Weir","susan.weir@gmail.com","61 Pinetree Avenue, Lenzie, Dunbartonshire, G66 4EQ"
"Joshua","Scott","joshua.scott@helloworld.com","10 Princes Street, Dundee, Angus, DD4 6BY"
"Thomas","Norman","thomas.norman@live.co.uk","10 Princes Street, Dundee, Angus, DD4 6BY"
"John","Hayes","john.hayes@googlemail.com","20 High Mill Court, Dundee, Angus, DD2 1UN"
"Kenneth","Lescott","kenneth.lescott@example.com","98 Howatson Court, Livingston, Midlothian, EH54 7FH"
"Bobby","Hayes","bobby.hayes@hotmail.co.uk","1 Glasgow Road, Edinburgh, Midlothian, EH12 8HW"
"Mary","Weir","mary.weir@outlook.com","12 Northfield Farm Road, Edinburgh, Midlothian, EH8 7QR"
"Mary","Jenkins","mary.jenkins@hotmail.co.uk","20 High Mill Court, Dundee, Angus, DD2 1UN"
"Emily","McGregor","emily.mcgregor@hotmail.com","3 Callender Gardens, Dundee, Angus, DD4 6BY"
"Nancy","Barry","nancy.barry@hotmail.com","Castle Wynd, Stirling, Perthshire, FK8 1EJ"
"Bobby","Anderson","bobby.anderson@gmail.com","20 High Mill Court, Dundee, Angus, DD2 1UN"
"John","James","john.james@hotmail.com","16 Pinetree Avenue, Lenzie, Dunbartonshire, G66 4EQ"
"Joshua","McGregor","joshua.mcgregor@outlook.com","3 Callender Gardens, Dundee, Angus, DD4 6BY"
"Robert","Owen","robert.owen@aol.com","400 Coltness Rd, Wishaw, Lanarkshire, ML2 7HP"
"Kimberly","Hayes","kimberly.hayes@live.com","Castle Wynd, Stirling, Perthshire, FK8 1EJ"
"David","Owen","david.owen@example.com","20 High Mill Court, Dundee, Angus, DD2 1UN"
"Robert","Norman","robert.norman@hotmail.com","98 Howatson Court, Livingston, Midlothian, EH54 7FH"
"Elizabeth","Owen","elizabeth.owen@live.com","20 High Mill Court, Dundee, Angus, DD2 1UN"
"Peter","Barry","peter.barry@hotmail.co.uk","Castle Wynd, Stirling, Perthshire, FK8 1EJ"
"Christopher","Brown","christopher.brown@aol.com","61 Pinetree Avenue, Lenzie, Dunbartonshire, G66 4EQ"
"Donald","Murray","donald.murray@live.com","111 Queen St, Glasgow, Glasgow, G1 3AH"
"Andrew","Brown","andrew.brown@example.com","Castle Wynd, Stirling, Perthshire, FK8 1EJ"
"Joseph","Murray","joseph.murray@example.com","111 Queen St, Glasgow, Glasgow, G1 3AH"
"Joshua","Weir","joshua.weir@hotmail.com","111 Queen St, Glasgow, Glasgow, G1 3AH"
"Francis","Hayes","francis.hayes@hotmail.co.uk","1 Glasgow Road, Edinburgh, Midlothian, EH12 8HW"
"Dorothy","Jenkins","dorothy.jenkins@helloworld.com","1 Glasgow Road, Edinburgh, Midlothian, EH12 8HW"
"Anthony","Baxter","anthony.baxter@hotmail.co.uk","16 Pinetree Avenue, Lenzie, Dunbartonshire, G66 4EQ"