[{"personal_nino":"YN902277B","personal_title":"PROF","personal_firstName":"Lisa","personal_secondName":"Carol","personal_lastName":"Hayes","personal_fullName":"Lisa Hayes","personal_startDate":"19/05/2017","personal_dobFormatted":"24/02/1995","personal_name1DrivingLicence":"HAYES902245L99NN","personal_email":"lisa.hayes@hotmail.com","personal_mobileNumber":"07392534701","personal_gender":"F","personal_nationality":"Chinese","residentialAddress_firstLine":"111 Queen St","residentialAddress_city":"Glasgow","residentialAddress_county":"Glasgow","residentialAddress_postCode":"G1 3AH","residentialAddress_moveInDate":"06/12/2018","financial_accountName":"Credit Union","financial_accountNumber":"40780155","financial_iban":"nb76fpSa28778560022416","financial_sortCode":"469234","financial_swift":"efnhev83rcr","financial_rollNumber":"KnK-K397508/S","financial_accountTypes":"BA45000"}]