"personal_firstName","personal_lastName","personal_email","residentialAddress_fullAddress"
"Andrew","Hayes","andrew.hayes@example.com","Castle Wynd, Stirling, Perthshire, FK8 1EJ"
"Jennifer","Owen","jennifer.owen@googlemail.com","16 Pinetree Avenue, Lenzie, Dunbartonshire, G66 4EQ"
"Mark","Owen","mark.owen@example.com","1 Glasgow Road, Edinburgh, Midlothian, EH12 8HW"
"Charles","Jenkins","charles.jenkins@gmail.com","3 Callender Gardens, Dundee, Angus, DD4 6BY"
"Kenneth","Brown","kenneth.brown@gmail.com","Castle Wynd, Stirling, Perthshire, FK8 1EJ"
"Richard","Murray","richard.murray@live.co.uk","12 Northfield Farm Road, Edinburgh, Midlothian, EH8 7QR"
"Anthony","Hayes","anthony.hayes@live.com","Castle Wynd, Stirling, Perthshire, FK8 1EJ"
"Bernard","Scott","bernard.scott@hotmail.co.uk","10 Princes Street, Dundee, Angus, DD4 6BY"
"Steven","Hayes","steven.hayes@aol.com","400 Coltness Rd, Wishaw, Lanarkshire, ML2 7HP"
"Sandra","Hayes","sandra.hayes@gmail.com","20 High Mill Court, Dundee, Angus, DD2 1UN"
"Joseph","Murray","joseph.murray@hotmail.co.uk","16 Pinetree Avenue, Lenzie, Dunbartonshire, G66 4EQ"
"Jessica","Martin","jessica.martin@example.com","20 High Mill Court, Dundee, Angus, DD2 1UN"
"Amber","Martin","amber.martin@live.co.uk","12 Northfield Farm Road, Edinburgh, Midlothian, EH8 7QR"
"Emily","Montgomery","emily.montgomery@outlook.com","111 Queen St, Glasgow, Glasgow, G1 3AH"
"Steven","McGregor","steven.mcgregor@live.com","16 Pinetree Avenue, Lenzie, Dunbartonshire, G66 4EQ"
"Elizabeth","Weir","elizabeth.weir@live.co.uk","111 Queen St, Glasgow, Glasgow, G1 3AH"
"Matthew","Weir","matthew.weir@hotmail.com","1 Glasgow Road, Edinburgh, Midlothian, EH12 8HW"
"William","McGregor","william.mcgregor@aol.com","1 Glasgow Road, Edinburgh, Midlothian, EH12 8HW"
"Stephen","Owen","stephen.owen@hotmail.co.uk","20 High Mill Court, Dundee, Angus, DD2 1UN"
"Nancy","James","nancy.james@live.com","111 Queen St, Glasgow, Glasgow, G1 3AH"
"Amber","Scott","amber.scott@helloworld.com","16 Pinetree Avenue, Lenzie, Dunbartonshire, G66 4EQ"
"Jessica","McGregor","jessica.mcgregor@aol.com","12 Northfield Farm Road, Edinburgh, Midlothian, EH8 7QR"
"Christopher","Hayes","christopher.hayes@hotmail.co.uk","10 Princes Street, Dundee, Angus, DD4 6BY"
"Betty","Jenkins","betty.jenkins@example.com","111 Queen St, Glasgow, Glasgow, G1 3AH"
"David","Hayes","david.hayes@live.com","111 Queen St, Glasgow, Glasgow, G1 3AH"
"Ashley","Lescott","ashley.lescott@hotmail.co.uk","98 Howatson Court, Livingston, Midlothian, EH54 7FH"
"Lisa","Baxter","lisa.baxter@gmail.com","1 Glasgow Road, Edinburgh, Midlothian, EH12 8HW"
"Bernard","Brown","bernard.brown@helloworld.com","10 Princes Street, Dundee, Angus, DD4 6BY"
"Paul","Montgomery","paul.montgomery@hotmail.co.uk","61 Pinetree Avenue, Lenzie, Dunbartonshire, G66 4EQ"
"Mary","Weir","mary.weir@hotmail.co.uk","400 Coltness Rd, Wishaw, Lanarkshire, ML2 7HP"
"Jennifer","Weir","jennifer.weir@aol.com","61 Pinetree Avenue, Lenzie, Dunbartonshire, G66 4EQ"
"Donna","Scott","donna.scott@googlemail.com","Castle Wynd, Stirling, Perthshire, FK8 1EJ"
"Lisa","Brown","lisa.brown@aol.com","20 High Mill Court, Dundee, Angus, DD2 1UN"
"Christopher","Weir","christopher.weir@live.com","10 Princes Street, Dundee, Angus, DD4 6BY"
"David","Scott","david.scott@gmail.com","111 Queen St, Glasgow, Glasgow, G1 3AH"
"David","Martin","david.martin@helloworld.com","3 Callender Gardens, Dundee, Angus, DD4 6BY"
"Betty","Jenkins","betty.jenkins@hotmail.co.uk","400 Coltness Rd, Wishaw, Lanarkshire, ML2 7HP"
"Michelle","Scott","michelle.scott@hotmail.co.uk","20 High Mill Court, Dundee, Angus, DD2 1UN"
"Peter","Scott","peter.scott@aol.com","1 Glasgow Road, Edinburgh, Midlothian, EH12 8HW"
"Joshua","Anderson","joshua.anderson@gmail.com","16 Pinetree Avenue, Lenzie, Dunbartonshire, G66 4EQ"
"Linda","Hayes","linda.hayes@live.com","1 Glasgow Road, Edinburgh, Midlothian, EH12 8HW"
"Francis","Owen","francis.owen@helloworld.com","3 Callender Gardens, Dundee, Angus, DD4 6BY"
"Bernard","Baxter","bernard.baxter@hotmail.co.uk","98 Howatson Court, Livingston, Midlothian, EH54 7FH"
"Donald","Scott","donald.scott@gmail.com","16 Pinetree Avenue, Lenzie, Dunbartonshire, G66 4EQ"
"Joshua","Barry","joshua.barry@helloworld.com","98 Howatson Court, Livingston, Midlothian, EH54 7FH"
"Jennifer","Owen","jennifer.owen@example.com","98 Howatson Court, Livingston, Midlothian, EH54 7FH"
"Mary","Brown","mary.brown@outlook.com","400 Coltness Rd, Wishaw, Lanarkshire, ML2 7HP"
"Donna","Brown","donna.brown@gmail.com","3 Callender Gardens, Dundee, Angus, DD4 6BY"
"David","Martin","david.martin@gmail.com","111 Queen St, Glasgow, Glasgow, G1 3AH"
"Paul","Smith","paul.smith@gmail.com","61 Pinetree Avenue, Lenzie, Dunbartonshire, G66 4EQ"
"Michelle","Scott","michelle.scott@hotmail.co.uk","61 Pinetree Avenue, Lenzie, Dunbartonshire, G66 4EQ"
"Joseph","Brown","joseph.brown@hotmail.co.uk","98 Howatson Court, Livingston, Midlothian, EH54 7FH"
"William","Smith","william.smith@hotmail.co.uk","111 Queen St, Glasgow, Glasgow, G1 3AH"
"Charles","Scott","charles.scott@example.com","Castle Wynd, Stirling, Perthshire, FK8 1EJ"
"Joseph","Brown","joseph.brown@hotmail.co.uk","20 High Mill Court, Dundee, Angus, DD2 1UN"
"Christopher","James","christopher.james@live.com","Castle Wynd, Stirling, Perthshire, FK8 1EJ"
"Joshua","Brown","joshua.brown@googlemail.com","16 Pinetree Avenue, Lenzie, Dunbartonshire, G66 4EQ"
"Kenneth","Lescott","kenneth.lescott@hotmail.co.uk","Castle Wynd, Stirling, Perthshire, FK8 1EJ"
"Jennifer","Hayes","jennifer.hayes@aol.com","61 Pinetree Avenue, Lenzie, Dunbartonshire, G66 4EQ"
"Sandra","Brown","sandra.brown@gmail.com","10 Princes Street, Dundee, Angus, DD4 6BY"
"Andrew","Baxter","andrew.baxter@gmail.com","Castle Wynd, Stirling, Perthshire, FK8 1EJ"
"Sandra","Smith","sandra.smith@outlook.com","10 Princes Street, Dundee, Angus, DD4 6BY"
"Patricia","Baxter","patricia.baxter@live.co.uk","3 Callender Gardens, Dundee, Angus, DD4 6BY"
"Peter","Baxter","peter.baxter@hotmail.co.uk","Castle Wynd, Stirling, Perthshire, FK8 1EJ"
"Kenneth","Norman","kenneth.norman@example.com","16 Pinetree Avenue, Lenzie, Dunbartonshire, G66 4EQ"
"Susan","Smith","susan.smith@helloworld.com","10 Princes Street, Dundee, Angus, DD4 6BY"
"Christopher","Montgomery","christopher.montgomery@example.com","98 Howatson Court, Livingston, Midlothian, EH54 7FH"
"Elizabeth","James","elizabeth.james@helloworld.com","16 Pinetree Avenue, Lenzie, Dunbartonshire, G66 4EQ"
"Peter","Lescott","peter.lescott@aol.com","111 Queen St, Glasgow, Glasgow, G1 3AH"
"Karen","Barry","karen.barry@live.com","1 Glasgow Road, Edinburgh, Midlothian, EH12 8HW"
"Charles","Norman","charles.norman@helloworld.com","400 Coltness Rd, Wishaw, Lanarkshire, ML2 7HP"
"Sarah","Brown","sarah.brown@helloworld.com","20 High Mill Court, Dundee, Angus, DD2 1UN"
"Betty","Lescott","betty.lescott@hotmail.com","12 Northfield Farm Road, Edinburgh, Midlothian, EH8 7QR"
"Michelle","Weir","michelle.weir@example.com","16 Pinetree Avenue, Lenzie, Dunbartonshire, G66 4EQ"
"Margaret","McGregor","margaret.mcgregor@hotmail.com","20 High Mill Court, Dundee, Angus, DD2 1UN"
"Mary","Smith","mary.smith@gmail.com","98 Howatson Court, Livingston, Midlothian, EH54 7FH"
"John","Owen","john.owen@aol.com","400 Coltness Rd, Wishaw, Lanarkshire, ML2 7HP"
"Nancy","Martin","nancy.martin@hotmail.co.uk","3 Callender Gardens, Dundee, Angus, DD4 6BY"
"Matthew","Hayes","matthew.hayes@live.com","1 Glasgow Road, Edinburgh, Midlothian, EH12 8HW"
"Charles","Martin","charles.martin@outlook.com","98 Howatson Court, Livingston, Midlothian, EH54 7FH"
"Oscar","Lescott","oscar.lescott@gmail.com","400 Coltness Rd, Wishaw, Lanarkshire, ML2 7HP"
"Jennifer","James","jennifer.james@helloworld.com","16 Pinetree Avenue, Lenzie, Dunbartonshire, G66 4EQ"
"Betty","Smith","betty.smith@hotmail.co.uk","20 High Mill Court, Dundee, Angus, DD2 1UN"
"Joshua","Baxter","joshua.baxter@live.co.uk","16 Pinetree Avenue, Lenzie, Dunbartonshire, G66 4EQ"
"Martin","Hayes","martin.hayes@live.co.uk","98 Howatson Court, Livingston, Midlothian, EH54 7FH"
"Kimberly","Smith","kimberly.smith@aol.com","98 Howatson Court, Livingston, Midlothian, EH54 7FH"
"Joanna","Brown","joanna.brown@live.co.uk","16 Pinetree Avenue, Lenzie, Dunbartonshire, G66 4EQ"
"Jessica","Scott","jessica.scott@example.com","61 Pinetree Avenue, Lenzie, Dunbartonshire, G66 4EQ"
"Michael","Barry","michael.barry@example.com","12 Northfield Farm Road, Edinburgh, Midlothian, EH8 7QR"
"Peter","Barry","peter.barry@gmail.com","3 Callender Gardens, Dundee, Angus, DD4 6BY"
"Elizabeth","Hayes","elizabeth.hayes@live.com","61 Pinetree Avenue, Lenzie, Dunbartonshire, G66 4EQ"
"John","Barry","john.barry@helloworld.com","10 Princes Street, Dundee, Angus, DD4 6BY"
"Paul","Brown","paul.brown@outlook.com","1 Glasgow Road, Edinburgh, Midlothian, EH12 8HW"
"Peter","Hayes","peter.hayes@googlemail.com","10 Princes Street, Dundee, Angus, DD4 6BY"
"Andrew","Lescott","andrew.lescott@live.com","400 Coltness Rd, Wishaw, Lanarkshire, ML2 7HP"
"Joshua","Martin","joshua.martin@hotmail.com","400 Coltness Rd, Wishaw, Lanarkshire, ML2 7HP"
"Patricia","Scott","patricia.scott@hotmail.co.uk","Castle Wynd, Stirling, Perthshire, FK8 1EJ"
"Jennifer","Barry","jennifer.barry@hotmail.com","Castle Wynd, Stirling, Perthshire, FK8 1EJ"
"Christopher","Smith","christopher.smith@live.co.uk","12 Northfield Farm Road, Edinburgh, Midlothian, EH8 7QR"
"Francis","James","francis.james@helloworld.com","98 Howatson Court, Livingston, Midlothian, EH54 7FH"