[{"personal_nino":"EK513384C","personal_title":"LORD","personal_firstName":"Susan","personal_secondName":"Francis","personal_lastName":"Scott","personal_fullName":"Susan Scott","personal_startDate":"07/11/2009","personal_dobFormatted":"23/11/1986","personal_name1DrivingLicence":"SCOTT811236S99RI","personal_email":"susan.scott@live.co.uk","personal_mobileNumber":"07522317050","personal_gender":"F","personal_nationality":"Swiss","residentialAddress_firstLine":"10 Princes Street","residentialAddress_city":"Dundee","residentialAddress_county":"Angus","residentialAddress_postCode":"DD4 6BY","residentialAddress_moveInDate":"24/09/2018","financial_accountName":"Credit Union","financial_accountNumber":"90763684","financial_iban":"DE89XUbK09626282263144","financial_sortCode":"912459","financial_swift":"zbDFZg63Reu","financial_rollNumber":"qVx-w720953/m","financial_accountTypes":"BA45000"}]