[{"personal_nino":"LP196376C","personal_title":"COL","personal_firstName":"Carol","personal_secondName":"Emily","personal_lastName":"Brown","personal_fullName":"Carol Brown","personal_startDate":"31/08/1977","personal_dobFormatted":"25/09/1968","personal_name1DrivingLicence":"BROWN609258C99NN","personal_email":"carol.brown@outlook.com","personal_mobileNumber":"07012080946","personal_gender":"M","personal_nationality":"Japanese","residentialAddress_firstLine":"98 Howatson Court","residentialAddress_city":"Livingston","residentialAddress_county":"Midlothian","residentialAddress_postCode":"EH54 7FH","residentialAddress_moveInDate":"02/04/2017","financial_accountName":"POCA","financial_accountNumber":"85038500","financial_iban":"XW47ZAau93418986177659","financial_sortCode":"727485","financial_swift":"rlUrur97fAT","financial_rollNumber":"GmK-L352844/J","financial_accountTypes":"BA45004"}]