[{"personal_nino":"HX596984A","personal_title":"MRS","personal_firstName":"Susan","personal_secondName":"Mary","personal_lastName":"Jenkins","personal_fullName":"Susan Jenkins","personal_startDate":"23/03/2018","personal_dobFormatted":"14/08/1988","personal_name1DrivingLicence":"JENKI808148S99TR","personal_email":"susan.jenkins@hotmail.com","personal_mobileNumber":"07187009709","personal_gender":"M","personal_nationality":"French","residentialAddress_firstLine":"20 High Mill Court","residentialAddress_city":"Dundee","residentialAddress_county":"Angus","residentialAddress_postCode":"DD2 1UN","residentialAddress_moveInDate":"22/05/2012","financial_accountName":"POCA","financial_accountNumber":"16149837","financial_iban":"Tb45SODu64921486252008","financial_sortCode":"958961","financial_swift":"duuzpl06vVX","financial_rollNumber":"DaB-l320704/x","financial_accountTypes":"BA45000"}]