[{"personal_nino":"EY800285D","personal_title":"COL","personal_firstName":"Linda","personal_secondName":"Peter","personal_lastName":"Lescott","personal_fullName":"Linda Lescott","personal_startDate":"01/08/1989","personal_dobFormatted":"26/10/1980","personal_name1DrivingLicence":"LESCO810260L99GR","personal_email":"linda.lescott@hotmail.co.uk","personal_mobileNumber":"07143670362","personal_gender":"M","personal_nationality":"Chinese","residentialAddress_firstLine":"400 Coltness Rd","residentialAddress_city":"Wishaw","residentialAddress_county":"Lanarkshire","residentialAddress_postCode":"ML2 7HP","residentialAddress_moveInDate":"30/08/2011","financial_accountName":"IMOVO","financial_accountNumber":"99849706","financial_iban":"LP66hXXi45709554164280","financial_sortCode":"279643","financial_swift":"OcMHKn70LQz","financial_rollNumber":"IrK-O701056/w","financial_accountTypes":"BA45000"}]