[{"personal_nino":"BY595856B","personal_title":"PROF","personal_firstName":"Ashley","personal_secondName":"William","personal_lastName":"Jenkins","personal_fullName":"Ashley Jenkins","personal_startDate":"21/11/2001","personal_dobFormatted":"19/02/1966","personal_name1DrivingLicence":"JENKI602196A99SS","personal_email":"ashley.jenkins@hotmail.co.uk","personal_mobileNumber":"07123708778","personal_gender":"M","personal_nationality":"British","residentialAddress_firstLine":"61 Pinetree Avenue","residentialAddress_city":"Lenzie","residentialAddress_county":"Dunbartonshire","residentialAddress_postCode":"G66 4EQ","residentialAddress_moveInDate":"23/11/2012","financial_accountName":"POCA","financial_accountNumber":"88199537","financial_iban":"LZ50DgSL62890669808192","financial_sortCode":"233521","financial_swift":"KErqSb65MiT","financial_rollNumber":"VGT-l052843/p","financial_accountTypes":"BA45000"}]