[{"personal_nino":"KG506966D","personal_title":"SIR","personal_firstName":"David","personal_secondName":"Donald","personal_lastName":"Martin","personal_fullName":"David Martin","personal_startDate":"07/06/2005","personal_dobFormatted":"17/11/2004","personal_name1DrivingLicence":"MARTI111170D99SI","personal_email":"david.martin@gmail.com","personal_mobileNumber":"07092158366","personal_gender":"M","personal_nationality":"Chinese","residentialAddress_firstLine":"12 Northfield Farm Road","residentialAddress_city":"Edinburgh","residentialAddress_county":"Midlothian","residentialAddress_postCode":"EH8 7QR","residentialAddress_moveInDate":"14/06/2020","financial_accountName":"IMOVO","financial_accountNumber":"23881925","financial_iban":"gx34vUCP46042130283530","financial_sortCode":"963739","financial_swift":"JvGKSX28iIv","financial_rollNumber":"wpb-I257425/f","financial_accountTypes":"BA45000"}]