[{"personal_nino":"YS647733C","personal_title":"LORD","personal_firstName":"Dorothy","personal_secondName":"Francis","personal_lastName":"Lescott","personal_fullName":"Dorothy Lescott","personal_startDate":"25/01/1998","personal_dobFormatted":"26/06/1970","personal_name1DrivingLicence":"LESCO706260D99SR","personal_email":"dorothy.lescott@hotmail.co.uk","personal_mobileNumber":"07139908817","personal_gender":"F","personal_nationality":"Swiss","residentialAddress_firstLine":"10 Princes Street","residentialAddress_city":"Dundee","residentialAddress_county":"Angus","residentialAddress_postCode":"DD4 6BY","residentialAddress_moveInDate":"15/08/2019","financial_accountName":"Credit Union","financial_accountNumber":"15141500","financial_iban":"pp22fcnN01120661336696","financial_sortCode":"573000","financial_swift":"LBcxWB10Zmf","financial_rollNumber":"KNR-X289311/L","financial_accountTypes":"BA45004"}]