[{"personal_nino":"XN707754C","personal_title":"MRS","personal_firstName":"Joshua","personal_secondName":"David","personal_lastName":"Brown","personal_fullName":"Joshua Brown","personal_startDate":"10/06/1976","personal_dobFormatted":"22/08/1974","personal_name1DrivingLicence":"BROWN708224J99IR","personal_email":"joshua.brown@googlemail.com","personal_mobileNumber":"07731553477","personal_gender":"M","personal_nationality":"Australian","residentialAddress_firstLine":"3 Callender Gardens","residentialAddress_city":"Dundee","residentialAddress_county":"Angus","residentialAddress_postCode":"DD4 6BY","residentialAddress_moveInDate":"20/09/2011","financial_accountName":"POCA","financial_accountNumber":"00091019","financial_iban":"gH03EnWn60387696583667","financial_sortCode":"440274","financial_swift":"mtKgQT85YAA","financial_rollNumber":"Jgx-I717062/Q","financial_accountTypes":"BA45000"}]