[{"personal_nino":"CX603366A","personal_title":"LORD","personal_firstName":"Jennifer","personal_secondName":"Karen","personal_lastName":"Murray","personal_fullName":"Jennifer Murray","personal_startDate":"13/02/2020","personal_dobFormatted":"04/06/2004","personal_name1DrivingLicence":"MURRA106040J99GT","personal_email":"jennifer.murray@hotmail.co.uk","personal_mobileNumber":"07028181562","personal_gender":"F","personal_nationality":"British","residentialAddress_firstLine":"3 Callender Gardens","residentialAddress_city":"Dundee","residentialAddress_county":"Angus","residentialAddress_postCode":"DD4 6BY","residentialAddress_moveInDate":"08/11/2019","financial_accountName":"POCA","financial_accountNumber":"01013519","financial_iban":"pA82DvaA70108881868388","financial_sortCode":"667972","financial_swift":"KgCAdl81mfA","financial_rollNumber":"haM-l330883/p","financial_accountTypes":"BA45000"}]