"personal_firstName","personal_lastName","personal_email","residentialAddress_fullAddress"
"Oscar","Barry","oscar.barry@hotmail.com","20 High Mill Court, Dundee, Angus, DD2 1UN"
"Steven","Weir","steven.weir@hotmail.co.uk","1 Glasgow Road, Edinburgh, Midlothian, EH12 8HW"
"Michelle","Hayes","michelle.hayes@googlemail.com","400 Coltness Rd, Wishaw, Lanarkshire, ML2 7HP"
"Joshua","Hayes","joshua.hayes@outlook.com","1 Glasgow Road, Edinburgh, Midlothian, EH12 8HW"
"Mark","Montgomery","mark.montgomery@hotmail.co.uk","16 Pinetree Avenue, Lenzie, Dunbartonshire, G66 4EQ"
"Lisa","Martin","lisa.martin@hotmail.com","12 Northfield Farm Road, Edinburgh, Midlothian, EH8 7QR"
"Richard","McGregor","richard.mcgregor@aol.com","1 Glasgow Road, Edinburgh, Midlothian, EH12 8HW"
"Martin","Barry","martin.barry@googlemail.com","10 Princes Street, Dundee, Angus, DD4 6BY"
"Ashley","Lescott","ashley.lescott@live.co.uk","1 Glasgow Road, Edinburgh, Midlothian, EH12 8HW"
"Patricia","Montgomery","patricia.montgomery@hotmail.co.uk","Castle Wynd, Stirling, Perthshire, FK8 1EJ"
"Paul","James","paul.james@helloworld.com","98 Howatson Court, Livingston, Midlothian, EH54 7FH"
"Patricia","Smith","patricia.smith@gmail.com","98 Howatson Court, Livingston, Midlothian, EH54 7FH"
"Donna","Weir","donna.weir@aol.com","1 Glasgow Road, Edinburgh, Midlothian, EH12 8HW"
"Carol","Martin","carol.martin@hotmail.co.uk","98 Howatson Court, Livingston, Midlothian, EH54 7FH"
"Lisa","Barry","lisa.barry@example.com","12 Northfield Farm Road, Edinburgh, Midlothian, EH8 7QR"
"Jennifer","James","jennifer.james@outlook.com","20 High Mill Court, Dundee, Angus, DD2 1UN"
"Lisa","Anderson","lisa.anderson@live.co.uk","1 Glasgow Road, Edinburgh, Midlothian, EH12 8HW"
"Dorothy","Smith","dorothy.smith@hotmail.co.uk","1 Glasgow Road, Edinburgh, Midlothian, EH12 8HW"
"Karen","Norman","karen.norman@gmail.com","3 Callender Gardens, Dundee, Angus, DD4 6BY"
"Joanna","Lescott","joanna.lescott@aol.com","98 Howatson Court, Livingston, Midlothian, EH54 7FH"
"Michelle","Hayes","michelle.hayes@helloworld.com","Castle Wynd, Stirling, Perthshire, FK8 1EJ"
"John","James","john.james@example.com","20 High Mill Court, Dundee, Angus, DD2 1UN"
"Emily","Jenkins","emily.jenkins@hotmail.com","111 Queen St, Glasgow, Glasgow, G1 3AH"
"Charles","Norman","charles.norman@hotmail.co.uk","16 Pinetree Avenue, Lenzie, Dunbartonshire, G66 4EQ"
"Sandra","Scott","sandra.scott@gmail.com","111 Queen St, Glasgow, Glasgow, G1 3AH"
"Daniel","Lescott","daniel.lescott@helloworld.com","111 Queen St, Glasgow, Glasgow, G1 3AH"
"Betty","Barry","betty.barry@example.com","400 Coltness Rd, Wishaw, Lanarkshire, ML2 7HP"
"Joshua","Anderson","joshua.anderson@example.com","3 Callender Gardens, Dundee, Angus, DD4 6BY"
"Anthony","Anderson","anthony.anderson@aol.com","10 Princes Street, Dundee, Angus, DD4 6BY"
"Sarah","Lescott","sarah.lescott@outlook.com","1 Glasgow Road, Edinburgh, Midlothian, EH12 8HW"
"Lisa","James","lisa.james@live.com","20 High Mill Court, Dundee, Angus, DD2 1UN"
"Paul","Barry","paul.barry@outlook.com","16 Pinetree Avenue, Lenzie, Dunbartonshire, G66 4EQ"
"Robert","Anderson","robert.anderson@googlemail.com","61 Pinetree Avenue, Lenzie, Dunbartonshire, G66 4EQ"
"John","Martin","john.martin@live.co.uk","3 Callender Gardens, Dundee, Angus, DD4 6BY"
"Peter","Scott","peter.scott@outlook.com","400 Coltness Rd, Wishaw, Lanarkshire, ML2 7HP"
"Sandra","Jenkins","sandra.jenkins@live.co.uk","1 Glasgow Road, Edinburgh, Midlothian, EH12 8HW"
"Joanna","Baxter","joanna.baxter@example.com","20 High Mill Court, Dundee, Angus, DD2 1UN"
"Jennifer","Hayes","jennifer.hayes@googlemail.com","1 Glasgow Road, Edinburgh, Midlothian, EH12 8HW"
"Margaret","Murray","margaret.murray@outlook.com","16 Pinetree Avenue, Lenzie, Dunbartonshire, G66 4EQ"
"Emily","Weir","emily.weir@live.com","111 Queen St, Glasgow, Glasgow, G1 3AH"
"Bernard","Weir","bernard.weir@gmail.com","61 Pinetree Avenue, Lenzie, Dunbartonshire, G66 4EQ"
"Thomas","Montgomery","thomas.montgomery@gmail.com","10 Princes Street, Dundee, Angus, DD4 6BY"
"Joseph","Scott","joseph.scott@aol.com","98 Howatson Court, Livingston, Midlothian, EH54 7FH"
"Martin","Weir","martin.weir@gmail.com","20 High Mill Court, Dundee, Angus, DD2 1UN"
"Michelle","Hayes","michelle.hayes@hotmail.co.uk","98 Howatson Court, Livingston, Midlothian, EH54 7FH"
"Jennifer","Baxter","jennifer.baxter@example.com","61 Pinetree Avenue, Lenzie, Dunbartonshire, G66 4EQ"
"Linda","Martin","linda.martin@live.com","3 Callender Gardens, Dundee, Angus, DD4 6BY"
"William","Hayes","william.hayes@helloworld.com","3 Callender Gardens, Dundee, Angus, DD4 6BY"
"Amber","McGregor","amber.mcgregor@googlemail.com","111 Queen St, Glasgow, Glasgow, G1 3AH"
"Kenneth","Murray","kenneth.murray@example.com","61 Pinetree Avenue, Lenzie, Dunbartonshire, G66 4EQ"
"Sarah","Weir","sarah.weir@example.com","3 Callender Gardens, Dundee, Angus, DD4 6BY"
"James","Hayes","james.hayes@outlook.com","1 Glasgow Road, Edinburgh, Midlothian, EH12 8HW"
"John","Scott","john.scott@hotmail.co.uk","61 Pinetree Avenue, Lenzie, Dunbartonshire, G66 4EQ"
"Lisa","Owen","lisa.owen@live.co.uk","16 Pinetree Avenue, Lenzie, Dunbartonshire, G66 4EQ"
"Joshua","Weir","joshua.weir@hotmail.com","20 High Mill Court, Dundee, Angus, DD2 1UN"
"Jennifer","Martin","jennifer.martin@gmail.com","1 Glasgow Road, Edinburgh, Midlothian, EH12 8HW"
"Andrew","Anderson","andrew.anderson@helloworld.com","400 Coltness Rd, Wishaw, Lanarkshire, ML2 7HP"
"Barbara","McGregor","barbara.mcgregor@hotmail.co.uk","12 Northfield Farm Road, Edinburgh, Midlothian, EH8 7QR"
"James","Hayes","james.hayes@outlook.com","1 Glasgow Road, Edinburgh, Midlothian, EH12 8HW"
"John","Smith","john.smith@outlook.com","400 Coltness Rd, Wishaw, Lanarkshire, ML2 7HP"
"Jessica","McGregor","jessica.mcgregor@example.com","10 Princes Street, Dundee, Angus, DD4 6BY"
"Amber","Weir","amber.weir@hotmail.co.uk","20 High Mill Court, Dundee, Angus, DD2 1UN"
"Lisa","Hayes","lisa.hayes@helloworld.com","20 High Mill Court, Dundee, Angus, DD2 1UN"
"Ashley","Hayes","ashley.hayes@aol.com","98 Howatson Court, Livingston, Midlothian, EH54 7FH"
"Joseph","Scott","joseph.scott@gmail.com","Castle Wynd, Stirling, Perthshire, FK8 1EJ"
"Susan","Martin","susan.martin@hotmail.co.uk","Castle Wynd, Stirling, Perthshire, FK8 1EJ"
"Joshua","Scott","joshua.scott@hotmail.com","3 Callender Gardens, Dundee, Angus, DD4 6BY"
"Linda","Hayes","linda.hayes@hotmail.com","20 High Mill Court, Dundee, Angus, DD2 1UN"
"William","Lescott","william.lescott@gmail.com","12 Northfield Farm Road, Edinburgh, Midlothian, EH8 7QR"
"Oscar","Barry","oscar.barry@outlook.com","12 Northfield Farm Road, Edinburgh, Midlothian, EH8 7QR"
"Dorothy","Montgomery","dorothy.montgomery@outlook.com","1 Glasgow Road, Edinburgh, Midlothian, EH12 8HW"
"Donald","Murray","donald.murray@gmail.com","12 Northfield Farm Road, Edinburgh, Midlothian, EH8 7QR"
"Martin","Murray","martin.murray@hotmail.com","3 Callender Gardens, Dundee, Angus, DD4 6BY"
"Matthew","Jenkins","matthew.jenkins@hotmail.co.uk","16 Pinetree Avenue, Lenzie, Dunbartonshire, G66 4EQ"
"Donald","James","donald.james@example.com","3 Callender Gardens, Dundee, Angus, DD4 6BY"
"Sandra","Martin","sandra.martin@helloworld.com","111 Queen St, Glasgow, Glasgow, G1 3AH"
"Donald","Jenkins","donald.jenkins@outlook.com","400 Coltness Rd, Wishaw, Lanarkshire, ML2 7HP"
"Joseph","Murray","joseph.murray@live.com","111 Queen St, Glasgow, Glasgow, G1 3AH"
"Margaret","Hayes","margaret.hayes@hotmail.com","10 Princes Street, Dundee, Angus, DD4 6BY"
"Mark","Hayes","mark.hayes@aol.com","16 Pinetree Avenue, Lenzie, Dunbartonshire, G66 4EQ"
"John","Jenkins","john.jenkins@aol.com","1 Glasgow Road, Edinburgh, Midlothian, EH12 8HW"
"Joanna","Smith","joanna.smith@live.com","Castle Wynd, Stirling, Perthshire, FK8 1EJ"
"John","James","john.james@outlook.com","61 Pinetree Avenue, Lenzie, Dunbartonshire, G66 4EQ"
"Sandra","Anderson","sandra.anderson@helloworld.com","98 Howatson Court, Livingston, Midlothian, EH54 7FH"
"James","James","james.james@gmail.com","20 High Mill Court, Dundee, Angus, DD2 1UN"
"Richard","Hayes","richard.hayes@live.com","400 Coltness Rd, Wishaw, Lanarkshire, ML2 7HP"
"Donna","Martin","donna.martin@example.com","111 Queen St, Glasgow, Glasgow, G1 3AH"
"Stephen","Brown","stephen.brown@outlook.com","111 Queen St, Glasgow, Glasgow, G1 3AH"
"Amber","Smith","amber.smith@live.com","20 High Mill Court, Dundee, Angus, DD2 1UN"
"Ashley","Norman","ashley.norman@hotmail.co.uk","Castle Wynd, Stirling, Perthshire, FK8 1EJ"
"Thomas","Smith","thomas.smith@example.com","20 High Mill Court, Dundee, Angus, DD2 1UN"
"Kenneth","Hayes","kenneth.hayes@example.com","98 Howatson Court, Livingston, Midlothian, EH54 7FH"
"Oscar","James","oscar.james@hotmail.co.uk","111 Queen St, Glasgow, Glasgow, G1 3AH"
"Patricia","Smith","patricia.smith@hotmail.com","400 Coltness Rd, Wishaw, Lanarkshire, ML2 7HP"
"Daniel","Anderson","daniel.anderson@helloworld.com","400 Coltness Rd, Wishaw, Lanarkshire, ML2 7HP"
"Sandra","Weir","sandra.weir@googlemail.com","20 High Mill Court, Dundee, Angus, DD2 1UN"
"Andrew","Brown","andrew.brown@hotmail.com","10 Princes Street, Dundee, Angus, DD4 6BY"
"Peter","Jenkins","peter.jenkins@aol.com","61 Pinetree Avenue, Lenzie, Dunbartonshire, G66 4EQ"
"Bernard","Baxter","bernard.baxter@live.com","98 Howatson Court, Livingston, Midlothian, EH54 7FH"
"David","Hayes","david.hayes@googlemail.com","400 Coltness Rd, Wishaw, Lanarkshire, ML2 7HP"