[{"personal_nino":"GA232410C","personal_title":"CAPT","personal_firstName":"Ashley","personal_secondName":"Bobby","personal_lastName":"Murray","personal_fullName":"Ashley Murray","personal_startDate":"30/05/2019","personal_dobFormatted":"31/03/1995","personal_name1DrivingLicence":"MURRA903315A99TR","personal_email":"ashley.murray@hotmail.com","personal_mobileNumber":"07261572941","personal_gender":"F","personal_nationality":"Japanese","residentialAddress_firstLine":"10 Princes Street","residentialAddress_city":"Dundee","residentialAddress_county":"Angus","residentialAddress_postCode":"DD4 6BY","residentialAddress_moveInDate":"16/12/2015","financial_accountName":"POCA","financial_accountNumber":"93838045","financial_iban":"nP27hnal24767518734644","financial_sortCode":"658605","financial_swift":"dEEtgn24ncK","financial_rollNumber":"hPv-V639964/u","financial_accountTypes":"BA45004"}]