[{"personal_nino":"YS395758A","personal_title":"SIR","personal_firstName":"Michelle","personal_secondName":"Sandra","personal_lastName":"Lescott","personal_fullName":"Michelle Lescott","personal_startDate":"23/07/2010","personal_dobFormatted":"07/09/2001","personal_name1DrivingLicence":"LESCO109070M99TG","personal_email":"michelle.lescott@live.co.uk","personal_mobileNumber":"07817332120","personal_gender":"F","personal_nationality":"French","residentialAddress_firstLine":"10 Princes Street","residentialAddress_city":"Dundee","residentialAddress_county":"Angus","residentialAddress_postCode":"DD4 6BY","residentialAddress_moveInDate":"14/10/2018","financial_accountName":"Credit Union","financial_accountNumber":"41870420","financial_iban":"Pm13iRLy56004948589323","financial_sortCode":"498749","financial_swift":"RQtuix50YMG","financial_rollNumber":"vKY-t155971/B","financial_accountTypes":"BA45000"}]