[{"personal_nino":"SN018906A","personal_title":"CAPT","personal_firstName":"Donald","personal_secondName":"Martin","personal_lastName":"Owen","personal_fullName":"Donald Owen","personal_startDate":"06/12/2001","personal_dobFormatted":"28/01/1996","personal_name1DrivingLicence":"OWE99901286D99RR","personal_email":"donald.owen@hotmail.co.uk","personal_mobileNumber":"07570889203","personal_gender":"M","personal_nationality":"Chinese","residentialAddress_firstLine":"400 Coltness Rd","residentialAddress_city":"Wishaw","residentialAddress_county":"Lanarkshire","residentialAddress_postCode":"ML2 7HP","residentialAddress_moveInDate":"20/01/2011","financial_accountName":"IMOVO","financial_accountNumber":"54460470","financial_iban":"Qc35rqAa78180047266345","financial_sortCode":"022934","financial_swift":"CDvChi65FkS","financial_rollNumber":"lQJ-b854905/N","financial_accountTypes":"BA45000"}]