[{"personal_nino":"JA725326D","personal_title":"COL","personal_firstName":"Steven","personal_secondName":"Barbara","personal_lastName":"Brown","personal_fullName":"Steven Brown","personal_startDate":"31/07/2011","personal_dobFormatted":"05/11/1965","personal_name1DrivingLicence":"BROWN611055S99IN","personal_email":"steven.brown@hotmail.co.uk","personal_mobileNumber":"07382209390","personal_gender":"M","personal_nationality":"Chinese","residentialAddress_firstLine":"61 Pinetree Avenue","residentialAddress_city":"Lenzie","residentialAddress_county":"Dunbartonshire","residentialAddress_postCode":"G66 4EQ","residentialAddress_moveInDate":"31/03/2013","financial_accountName":"Credit Union","financial_accountNumber":"47174220","financial_iban":"rd41kChZ58828433977827","financial_sortCode":"107857","financial_swift":"TycCGb39tXa","financial_rollNumber":"ruh-M936491/e","financial_accountTypes":"BA45004"}]