[{"personal_nino":"HY710358B","personal_title":"PROF","personal_firstName":"Kenneth","personal_secondName":"Dorothy","personal_lastName":"Jenkins","personal_fullName":"Kenneth Jenkins","personal_startDate":"12/08/1999","personal_dobFormatted":"21/10/1982","personal_name1DrivingLicence":"JENKI810212K99RG","personal_email":"kenneth.jenkins@helloworld.com","personal_mobileNumber":"07531555344","personal_gender":"F","personal_nationality":"Swiss","residentialAddress_firstLine":"111 Queen St","residentialAddress_city":"Glasgow","residentialAddress_county":"Glasgow","residentialAddress_postCode":"G1 3AH","residentialAddress_moveInDate":"19/02/2014","financial_accountName":"IMOVO","financial_accountNumber":"11390541","financial_iban":"IN51tkjd38300348369933","financial_sortCode":"338233","financial_swift":"VUjQFj80Oyx","financial_rollNumber":"OUy-B612074/L","financial_accountTypes":"BA45000"}]