[{"personal_nino":"WM190255D","personal_title":"MS","personal_firstName":"Bernard","personal_secondName":"Anthony","personal_lastName":"Weir","personal_fullName":"Bernard Weir","personal_startDate":"19/06/2014","personal_dobFormatted":"28/10/2000","personal_name1DrivingLicence":"WEI99110280B99NR","personal_email":"bernard.weir@example.com","personal_mobileNumber":"07282227616","personal_gender":"M","personal_nationality":"Australian","residentialAddress_firstLine":"20 High Mill Court","residentialAddress_city":"Dundee","residentialAddress_county":"Angus","residentialAddress_postCode":"DD2 1UN","residentialAddress_moveInDate":"25/03/2020","financial_accountName":"Credit Union","financial_accountNumber":"84923597","financial_iban":"Px16DBZs27963372203350","financial_sortCode":"456748","financial_swift":"aidxZj71daV","financial_rollNumber":"dZI-Q109405/M","financial_accountTypes":"BA45004"}]