[{"personal_nino":"LH965806A","personal_title":"MISS","personal_firstName":"Linda","personal_secondName":"Karen","personal_lastName":"Hayes","personal_fullName":"Linda Hayes","personal_startDate":"02/03/2013","personal_dobFormatted":"26/08/2005","personal_name1DrivingLicence":"HAYES108260L99GS","personal_email":"linda.hayes@hotmail.co.uk","personal_mobileNumber":"07476525574","personal_gender":"M","personal_nationality":"American","residentialAddress_firstLine":"16 Pinetree Avenue","residentialAddress_city":"Lenzie","residentialAddress_county":"Dunbartonshire","residentialAddress_postCode":"G66 4EQ","residentialAddress_moveInDate":"01/05/2020","financial_accountName":"POCA","financial_accountNumber":"56144327","financial_iban":"aK14mBgG91735107524986","financial_sortCode":"778875","financial_swift":"mnaOHI67GZG","financial_rollNumber":"ACw-F651550/o","financial_accountTypes":"BA45000"}]