[{"personal_nino":"LT744136A","personal_title":"MR","personal_firstName":"Linda","personal_secondName":"Kenneth","personal_lastName":"Anderson","personal_fullName":"Linda Anderson","personal_startDate":"25/01/1997","personal_dobFormatted":"18/05/1959","personal_name1DrivingLicence":"ANDER505189L99IT","personal_email":"linda.anderson@example.com","personal_mobileNumber":"07716204816","personal_gender":"F","personal_nationality":"French","residentialAddress_firstLine":"111 Queen St","residentialAddress_city":"Glasgow","residentialAddress_county":"Glasgow","residentialAddress_postCode":"G1 3AH","residentialAddress_moveInDate":"17/09/2019","financial_accountName":"Credit Union","financial_accountNumber":"20490065","financial_iban":"Ao94JnTy21815458194112","financial_sortCode":"572649","financial_swift":"iLljxr47iNS","financial_rollNumber":"SfD-i545657/z","financial_accountTypes":"BA45000"}]