[{"personal_nino":"BX512328B","personal_title":"MR","personal_firstName":"Emily","personal_secondName":"Amber","personal_lastName":"Smith","personal_fullName":"Emily Smith","personal_startDate":"26/08/1977","personal_dobFormatted":"29/06/1977","personal_name1DrivingLicence":"SMITH706297E99ST","personal_email":"emily.smith@googlemail.com","personal_mobileNumber":"07415860437","personal_gender":"F","personal_nationality":"Swiss","residentialAddress_firstLine":"111 Queen St","residentialAddress_city":"Glasgow","residentialAddress_county":"Glasgow","residentialAddress_postCode":"G1 3AH","residentialAddress_moveInDate":"09/12/2013","financial_accountName":"Credit Union","financial_accountNumber":"14852311","financial_iban":"dD72NwNm88265072518711","financial_sortCode":"229866","financial_swift":"hvDWNx88lNr","financial_rollNumber":"nxZ-R321348/V","financial_accountTypes":"BA45000"}]