[{"personal_nino":"YZ133497C","personal_title":"MR","personal_firstName":"Michael","personal_secondName":"Lisa","personal_lastName":"Lescott","personal_fullName":"Michael Lescott","personal_startDate":"28/12/1979","personal_dobFormatted":"23/03/1967","personal_name1DrivingLicence":"LESCO603237M99TI","personal_email":"michael.lescott@aol.com","personal_mobileNumber":"07647707905","personal_gender":"F","personal_nationality":"French","residentialAddress_firstLine":"20 High Mill Court","residentialAddress_city":"Dundee","residentialAddress_county":"Angus","residentialAddress_postCode":"DD2 1UN","residentialAddress_moveInDate":"11/07/2011","financial_accountName":"POCA","financial_accountNumber":"09650941","financial_iban":"iY26FqlB54654714009678","financial_sortCode":"611681","financial_swift":"OARVIu10DHX","financial_rollNumber":"WDh-q087873/S","financial_accountTypes":"BA45000"}]