[{"personal_nino":"MB098267C","personal_title":"MS","personal_firstName":"John","personal_secondName":"Kimberly","personal_lastName":"Murray","personal_fullName":"John Murray","personal_startDate":"26/10/2003","personal_dobFormatted":"18/03/1960","personal_name1DrivingLicence":"MURRA603180J99GT","personal_email":"john.murray@helloworld.com","personal_mobileNumber":"07707732724","personal_gender":"M","personal_nationality":"Swiss","residentialAddress_firstLine":"111 Queen St","residentialAddress_city":"Glasgow","residentialAddress_county":"Glasgow","residentialAddress_postCode":"G1 3AH","residentialAddress_moveInDate":"30/12/2011","financial_accountName":"POCA","financial_accountNumber":"70279999","financial_iban":"II69xzDQ61570749549417","financial_sortCode":"916485","financial_swift":"ddMqTn05DLI","financial_rollNumber":"iLL-h760724/U","financial_accountTypes":"BA45004"}]