[{"personal_nino":"GB070827D","personal_title":"LORD","personal_firstName":"Donna","personal_secondName":"Steven","personal_lastName":"James","personal_fullName":"Donna James","personal_startDate":"11/09/1994","personal_dobFormatted":"28/07/1986","personal_name1DrivingLicence":"JAMES807286D99GT","personal_email":"donna.james@live.co.uk","personal_mobileNumber":"07986681696","personal_gender":"M","personal_nationality":"French","residentialAddress_firstLine":"111 Queen St","residentialAddress_city":"Glasgow","residentialAddress_county":"Glasgow","residentialAddress_postCode":"G1 3AH","residentialAddress_moveInDate":"11/11/2016","financial_accountName":"Credit Union","financial_accountNumber":"98508204","financial_iban":"qi67QDta39114099460707","financial_sortCode":"057742","financial_swift":"wNDwDm49wSk","financial_rollNumber":"nFB-r618169/G","financial_accountTypes":"BA45000"}]