[{"personal_nino":"ZY073169D","personal_title":"MR","personal_firstName":"Bernard","personal_secondName":"Sandra","personal_lastName":"Weir","personal_fullName":"Bernard Weir","personal_startDate":"29/03/2016","personal_dobFormatted":"28/05/1998","personal_name1DrivingLicence":"WEI99905288B99GN","personal_email":"bernard.weir@googlemail.com","personal_mobileNumber":"07880644201","personal_gender":"F","personal_nationality":"Japanese","residentialAddress_firstLine":"400 Coltness Rd","residentialAddress_city":"Wishaw","residentialAddress_county":"Lanarkshire","residentialAddress_postCode":"ML2 7HP","residentialAddress_moveInDate":"08/09/2021","financial_accountName":"POCA","financial_accountNumber":"42408180","financial_iban":"vC32oDde01887586630323","financial_sortCode":"488876","financial_swift":"UkeApK70Vou","financial_rollNumber":"aEo-v621045/c","financial_accountTypes":"BA45000"}]