[{"personal_nino":"YA251952D","personal_title":"DR","personal_firstName":"Linda","personal_secondName":"David","personal_lastName":"Jenkins","personal_fullName":"Linda Jenkins","personal_startDate":"07/03/1978","personal_dobFormatted":"10/01/1963","personal_name1DrivingLicence":"JENKI601103L99NG","personal_email":"linda.jenkins@googlemail.com","personal_mobileNumber":"07121193703","personal_gender":"M","personal_nationality":"Japanese","residentialAddress_firstLine":"20 High Mill Court","residentialAddress_city":"Dundee","residentialAddress_county":"Angus","residentialAddress_postCode":"DD2 1UN","residentialAddress_moveInDate":"23/01/2021","financial_accountName":"POCA","financial_accountNumber":"03278432","financial_iban":"QY47Pdkg89513691972819","financial_sortCode":"121848","financial_swift":"LRSCQQ25ucs","financial_rollNumber":"Sow-l038785/Y","financial_accountTypes":"BA45004"}]