[{"personal_nino":"XZ004799B","personal_title":"LORD","personal_firstName":"David","personal_secondName":"Donna","personal_lastName":"Norman","personal_fullName":"David Norman","personal_startDate":"22/02/2001","personal_dobFormatted":"03/08/1968","personal_name1DrivingLicence":"NORMA608038D99GG","personal_email":"david.norman@live.co.uk","personal_mobileNumber":"07065528181","personal_gender":"F","personal_nationality":"British","residentialAddress_firstLine":"3 Callender Gardens","residentialAddress_city":"Dundee","residentialAddress_county":"Angus","residentialAddress_postCode":"DD4 6BY","residentialAddress_moveInDate":"21/11/2015","financial_accountName":"POCA","financial_accountNumber":"62338254","financial_iban":"Bh71ftit42485388078579","financial_sortCode":"194802","financial_swift":"msipaO34mGu","financial_rollNumber":"UWU-m067193/t","financial_accountTypes":"BA45000"}]