[{"personal_nino":"LT870431A","personal_title":"PROF","personal_firstName":"Betty","personal_secondName":"William","personal_lastName":"Barry","personal_fullName":"Betty Barry","personal_startDate":"11/08/2018","personal_dobFormatted":"03/02/2004","personal_name1DrivingLicence":"BARRY102030B99SR","personal_email":"betty.barry@helloworld.com","personal_mobileNumber":"07464922651","personal_gender":"M","personal_nationality":"Australian","residentialAddress_firstLine":"111 Queen St","residentialAddress_city":"Glasgow","residentialAddress_county":"Glasgow","residentialAddress_postCode":"G1 3AH","residentialAddress_moveInDate":"03/04/2018","financial_accountName":"Credit Union","financial_accountNumber":"08809324","financial_iban":"PH76LdHb33722656388733","financial_sortCode":"161156","financial_swift":"cRcScM96oXb","financial_rollNumber":"HJo-I293720/K","financial_accountTypes":"BA45004"}]