"personal_firstName","personal_lastName","personal_email","residentialAddress_fullAddress"
"Joanna","Scott","joanna.scott@helloworld.com","12 Northfield Farm Road, Edinburgh, Midlothian, EH8 7QR"
"Richard","Murray","richard.murray@outlook.com","61 Pinetree Avenue, Lenzie, Dunbartonshire, G66 4EQ"
"Mary","Brown","mary.brown@example.com","400 Coltness Rd, Wishaw, Lanarkshire, ML2 7HP"
"Sarah","Martin","sarah.martin@outlook.com","3 Callender Gardens, Dundee, Angus, DD4 6BY"
"Peter","Smith","peter.smith@helloworld.com","20 High Mill Court, Dundee, Angus, DD2 1UN"
"Joshua","Owen","joshua.owen@example.com","111 Queen St, Glasgow, Glasgow, G1 3AH"
"Lisa","Scott","lisa.scott@hotmail.co.uk","10 Princes Street, Dundee, Angus, DD4 6BY"
"Joshua","Hayes","joshua.hayes@example.com","400 Coltness Rd, Wishaw, Lanarkshire, ML2 7HP"
"Charles","Brown","charles.brown@helloworld.com","400 Coltness Rd, Wishaw, Lanarkshire, ML2 7HP"
"Joanna","Brown","joanna.brown@example.com","1 Glasgow Road, Edinburgh, Midlothian, EH12 8HW"
"Steven","Scott","steven.scott@example.com","12 Northfield Farm Road, Edinburgh, Midlothian, EH8 7QR"
"Emily","Hayes","emily.hayes@hotmail.co.uk","12 Northfield Farm Road, Edinburgh, Midlothian, EH8 7QR"
"Lisa","Owen","lisa.owen@aol.com","98 Howatson Court, Livingston, Midlothian, EH54 7FH"
"Richard","Martin","richard.martin@live.co.uk","111 Queen St, Glasgow, Glasgow, G1 3AH"
"Anthony","Owen","anthony.owen@aol.com","20 High Mill Court, Dundee, Angus, DD2 1UN"
"Oscar","Anderson","oscar.anderson@googlemail.com","400 Coltness Rd, Wishaw, Lanarkshire, ML2 7HP"
"Steven","Hayes","steven.hayes@googlemail.com","1 Glasgow Road, Edinburgh, Midlothian, EH12 8HW"
"Matthew","Murray","matthew.murray@googlemail.com","1 Glasgow Road, Edinburgh, Midlothian, EH12 8HW"
"Francis","Lescott","francis.lescott@googlemail.com","10 Princes Street, Dundee, Angus, DD4 6BY"
"Christopher","Weir","christopher.weir@helloworld.com","61 Pinetree Avenue, Lenzie, Dunbartonshire, G66 4EQ"
"Oscar","Jenkins","oscar.jenkins@helloworld.com","1 Glasgow Road, Edinburgh, Midlothian, EH12 8HW"
"Michelle","Weir","michelle.weir@hotmail.co.uk","61 Pinetree Avenue, Lenzie, Dunbartonshire, G66 4EQ"
"Betty","Smith","betty.smith@aol.com","20 High Mill Court, Dundee, Angus, DD2 1UN"
"Richard","Baxter","richard.baxter@helloworld.com","12 Northfield Farm Road, Edinburgh, Midlothian, EH8 7QR"
"Margaret","Weir","margaret.weir@aol.com","10 Princes Street, Dundee, Angus, DD4 6BY"
"Donna","Anderson","donna.anderson@googlemail.com","61 Pinetree Avenue, Lenzie, Dunbartonshire, G66 4EQ"
"Patricia","Hayes","patricia.hayes@gmail.com","Castle Wynd, Stirling, Perthshire, FK8 1EJ"
"Emily","McGregor","emily.mcgregor@live.co.uk","400 Coltness Rd, Wishaw, Lanarkshire, ML2 7HP"
"Elizabeth","Weir","elizabeth.weir@aol.com","3 Callender Gardens, Dundee, Angus, DD4 6BY"
"Mark","Smith","mark.smith@googlemail.com","1 Glasgow Road, Edinburgh, Midlothian, EH12 8HW"
"Kenneth","Jenkins","kenneth.jenkins@example.com","12 Northfield Farm Road, Edinburgh, Midlothian, EH8 7QR"
"Donna","Lescott","donna.lescott@hotmail.co.uk","12 Northfield Farm Road, Edinburgh, Midlothian, EH8 7QR"
"Betty","Hayes","betty.hayes@live.com","16 Pinetree Avenue, Lenzie, Dunbartonshire, G66 4EQ"
"Ashley","Weir","ashley.weir@live.com","61 Pinetree Avenue, Lenzie, Dunbartonshire, G66 4EQ"
"Emily","Murray","emily.murray@outlook.com","1 Glasgow Road, Edinburgh, Midlothian, EH12 8HW"
"Carol","Weir","carol.weir@helloworld.com","10 Princes Street, Dundee, Angus, DD4 6BY"
"Nancy","Smith","nancy.smith@outlook.com","10 Princes Street, Dundee, Angus, DD4 6BY"
"Ashley","Barry","ashley.barry@hotmail.com","16 Pinetree Avenue, Lenzie, Dunbartonshire, G66 4EQ"
"Peter","Martin","peter.martin@googlemail.com","16 Pinetree Avenue, Lenzie, Dunbartonshire, G66 4EQ"
"Patricia","Smith","patricia.smith@live.com","61 Pinetree Avenue, Lenzie, Dunbartonshire, G66 4EQ"
"Amber","Hayes","amber.hayes@example.com","400 Coltness Rd, Wishaw, Lanarkshire, ML2 7HP"
"Margaret","Baxter","margaret.baxter@googlemail.com","20 High Mill Court, Dundee, Angus, DD2 1UN"
"Jennifer","Anderson","jennifer.anderson@aol.com","1 Glasgow Road, Edinburgh, Midlothian, EH12 8HW"
"Mary","Martin","mary.martin@gmail.com","1 Glasgow Road, Edinburgh, Midlothian, EH12 8HW"
"Joanna","Scott","joanna.scott@example.com","3 Callender Gardens, Dundee, Angus, DD4 6BY"
"Susan","Martin","susan.martin@helloworld.com","98 Howatson Court, Livingston, Midlothian, EH54 7FH"
"Steven","Scott","steven.scott@live.co.uk","16 Pinetree Avenue, Lenzie, Dunbartonshire, G66 4EQ"
"Susan","Smith","susan.smith@googlemail.com","20 High Mill Court, Dundee, Angus, DD2 1UN"
"Jessica","Weir","jessica.weir@example.com","111 Queen St, Glasgow, Glasgow, G1 3AH"
"Jessica","Montgomery","jessica.montgomery@hotmail.com","10 Princes Street, Dundee, Angus, DD4 6BY"
"Bobby","Barry","bobby.barry@outlook.com","12 Northfield Farm Road, Edinburgh, Midlothian, EH8 7QR"
"Michelle","Scott","michelle.scott@googlemail.com","400 Coltness Rd, Wishaw, Lanarkshire, ML2 7HP"
"Paul","Hayes","paul.hayes@aol.com","16 Pinetree Avenue, Lenzie, Dunbartonshire, G66 4EQ"
"Elizabeth","Hayes","elizabeth.hayes@gmail.com","400 Coltness Rd, Wishaw, Lanarkshire, ML2 7HP"
"William","Baxter","william.baxter@example.com","3 Callender Gardens, Dundee, Angus, DD4 6BY"
"Martin","Anderson","martin.anderson@hotmail.co.uk","Castle Wynd, Stirling, Perthshire, FK8 1EJ"
"Ashley","Anderson","ashley.anderson@live.com","10 Princes Street, Dundee, Angus, DD4 6BY"
"Jessica","Hayes","jessica.hayes@live.com","400 Coltness Rd, Wishaw, Lanarkshire, ML2 7HP"
"Jessica","Hayes","jessica.hayes@helloworld.com","20 High Mill Court, Dundee, Angus, DD2 1UN"
"Andrew","Montgomery","andrew.montgomery@hotmail.co.uk","16 Pinetree Avenue, Lenzie, Dunbartonshire, G66 4EQ"
"Margaret","Weir","margaret.weir@googlemail.com","16 Pinetree Avenue, Lenzie, Dunbartonshire, G66 4EQ"
"William","Murray","william.murray@hotmail.com","111 Queen St, Glasgow, Glasgow, G1 3AH"
"Paul","Hayes","paul.hayes@googlemail.com","111 Queen St, Glasgow, Glasgow, G1 3AH"
"James","Lescott","james.lescott@aol.com","10 Princes Street, Dundee, Angus, DD4 6BY"
"Bernard","McGregor","bernard.mcgregor@gmail.com","10 Princes Street, Dundee, Angus, DD4 6BY"
"Patricia","Barry","patricia.barry@helloworld.com","98 Howatson Court, Livingston, Midlothian, EH54 7FH"
"Oscar","James","oscar.james@live.co.uk","400 Coltness Rd, Wishaw, Lanarkshire, ML2 7HP"
"Martin","Jenkins","martin.jenkins@googlemail.com","400 Coltness Rd, Wishaw, Lanarkshire, ML2 7HP"
"Steven","Weir","steven.weir@outlook.com","61 Pinetree Avenue, Lenzie, Dunbartonshire, G66 4EQ"
"Mary","McGregor","mary.mcgregor@live.com","400 Coltness Rd, Wishaw, Lanarkshire, ML2 7HP"
"Margaret","Weir","margaret.weir@hotmail.co.uk","3 Callender Gardens, Dundee, Angus, DD4 6BY"
"Amber","Martin","amber.martin@live.co.uk","10 Princes Street, Dundee, Angus, DD4 6BY"
"Anthony","James","anthony.james@live.co.uk","16 Pinetree Avenue, Lenzie, Dunbartonshire, G66 4EQ"
"Barbara","James","barbara.james@helloworld.com","10 Princes Street, Dundee, Angus, DD4 6BY"
"Anthony","Lescott","anthony.lescott@aol.com","61 Pinetree Avenue, Lenzie, Dunbartonshire, G66 4EQ"
"Donald","Smith","donald.smith@live.com","98 Howatson Court, Livingston, Midlothian, EH54 7FH"
"Michael","Scott","michael.scott@outlook.com","400 Coltness Rd, Wishaw, Lanarkshire, ML2 7HP"
"Donald","Jenkins","donald.jenkins@googlemail.com","Castle Wynd, Stirling, Perthshire, FK8 1EJ"
"Donna","Scott","donna.scott@hotmail.co.uk","98 Howatson Court, Livingston, Midlothian, EH54 7FH"
"Michelle","Anderson","michelle.anderson@hotmail.com","111 Queen St, Glasgow, Glasgow, G1 3AH"
"Richard","Norman","richard.norman@aol.com","20 High Mill Court, Dundee, Angus, DD2 1UN"
"Patricia","Scott","patricia.scott@outlook.com","10 Princes Street, Dundee, Angus, DD4 6BY"
"Oscar","Jenkins","oscar.jenkins@hotmail.co.uk","98 Howatson Court, Livingston, Midlothian, EH54 7FH"
"Jennifer","Jenkins","jennifer.jenkins@helloworld.com","10 Princes Street, Dundee, Angus, DD4 6BY"
"Martin","McGregor","martin.mcgregor@live.co.uk","Castle Wynd, Stirling, Perthshire, FK8 1EJ"
"Sarah","Lescott","sarah.lescott@gmail.com","16 Pinetree Avenue, Lenzie, Dunbartonshire, G66 4EQ"
"Bobby","Scott","bobby.scott@helloworld.com","20 High Mill Court, Dundee, Angus, DD2 1UN"
"William","Martin","william.martin@live.com","61 Pinetree Avenue, Lenzie, Dunbartonshire, G66 4EQ"
"Joanna","Jenkins","joanna.jenkins@outlook.com","10 Princes Street, Dundee, Angus, DD4 6BY"
"Sandra","McGregor","sandra.mcgregor@example.com","1 Glasgow Road, Edinburgh, Midlothian, EH12 8HW"
"Margaret","Smith","margaret.smith@gmail.com","61 Pinetree Avenue, Lenzie, Dunbartonshire, G66 4EQ"
"Carol","Lescott","carol.lescott@live.com","12 Northfield Farm Road, Edinburgh, Midlothian, EH8 7QR"
"Nancy","Jenkins","nancy.jenkins@helloworld.com","10 Princes Street, Dundee, Angus, DD4 6BY"
"Dorothy","Baxter","dorothy.baxter@hotmail.com","98 Howatson Court, Livingston, Midlothian, EH54 7FH"
"John","Jenkins","john.jenkins@example.com","61 Pinetree Avenue, Lenzie, Dunbartonshire, G66 4EQ"
"Robert","Murray","robert.murray@live.com","12 Northfield Farm Road, Edinburgh, Midlothian, EH8 7QR"
"Stephen","Lescott","stephen.lescott@live.com","1 Glasgow Road, Edinburgh, Midlothian, EH12 8HW"
"Kenneth","McGregor","kenneth.mcgregor@googlemail.com","1 Glasgow Road, Edinburgh, Midlothian, EH12 8HW"
"Susan","Barry","susan.barry@hotmail.co.uk","Castle Wynd, Stirling, Perthshire, FK8 1EJ"
"Christopher","Baxter","christopher.baxter@gmail.com","20 High Mill Court, Dundee, Angus, DD2 1UN"