[{"personal_firstName":"Joanna","personal_lastName":"Scott","personal_email":"joanna.scott@helloworld.com","residentialAddress_fullAddress":"12 Northfield Farm Road, Edinburgh, Midlothian, EH8 7QR"},{"personal_firstName":"Richard","personal_lastName":"Murray","personal_email":"richard.murray@outlook.com","residentialAddress_fullAddress":"61 Pinetree Avenue, Lenzie, Dunbartonshire, G66 4EQ"},{"personal_firstName":"Mary","personal_lastName":"Brown","personal_email":"mary.brown@example.com","residentialAddress_fullAddress":"400 Coltness Rd, Wishaw, Lanarkshire, ML2 7HP"},{"personal_firstName":"Sarah","personal_lastName":"Martin","personal_email":"sarah.martin@outlook.com","residentialAddress_fullAddress":"3 Callender Gardens, Dundee, Angus, DD4 6BY"},{"personal_firstName":"Peter","personal_lastName":"Smith","personal_email":"peter.smith@helloworld.com","residentialAddress_fullAddress":"20 High Mill Court, Dundee, Angus, DD2 1UN"},{"personal_firstName":"Joshua","personal_lastName":"Owen","personal_email":"joshua.owen@example.com","residentialAddress_fullAddress":"111 Queen St, Glasgow, Glasgow, G1 3AH"},{"personal_firstName":"Lisa","personal_lastName":"Scott","personal_email":"lisa.scott@hotmail.co.uk","residentialAddress_fullAddress":"10 Princes Street, Dundee, Angus, DD4 6BY"},{"personal_firstName":"Joshua","personal_lastName":"Hayes","personal_email":"joshua.hayes@example.com","residentialAddress_fullAddress":"400 Coltness Rd, Wishaw, Lanarkshire, ML2 7HP"},{"personal_firstName":"Charles","personal_lastName":"Brown","personal_email":"charles.brown@helloworld.com","residentialAddress_fullAddress":"400 Coltness Rd, Wishaw, Lanarkshire, ML2 7HP"},{"personal_firstName":"Joanna","personal_lastName":"Brown","personal_email":"joanna.brown@example.com","residentialAddress_fullAddress":"1 Glasgow Road, Edinburgh, Midlothian, EH12 8HW"},{"personal_firstName":"Steven","personal_lastName":"Scott","personal_email":"steven.scott@example.com","residentialAddress_fullAddress":"12 Northfield Farm Road, Edinburgh, Midlothian, EH8 7QR"},{"personal_firstName":"Emily","personal_lastName":"Hayes","personal_email":"emily.hayes@hotmail.co.uk","residentialAddress_fullAddress":"12 Northfield Farm Road, Edinburgh, Midlothian, EH8 7QR"},{"personal_firstName":"Lisa","personal_lastName":"Owen","personal_email":"lisa.owen@aol.com","residentialAddress_fullAddress":"98 Howatson Court, Livingston, Midlothian, EH54 7FH"},{"personal_firstName":"Richard","personal_lastName":"Martin","personal_email":"richard.martin@live.co.uk","residentialAddress_fullAddress":"111 Queen St, Glasgow, Glasgow, G1 3AH"},{"personal_firstName":"Anthony","personal_lastName":"Owen","personal_email":"anthony.owen@aol.com","residentialAddress_fullAddress":"20 High Mill Court, Dundee, Angus, DD2 1UN"},{"personal_firstName":"Oscar","personal_lastName":"Anderson","personal_email":"oscar.anderson@googlemail.com","residentialAddress_fullAddress":"400 Coltness Rd, Wishaw, Lanarkshire, ML2 7HP"},{"personal_firstName":"Steven","personal_lastName":"Hayes","personal_email":"steven.hayes@googlemail.com","residentialAddress_fullAddress":"1 Glasgow Road, Edinburgh, Midlothian, EH12 8HW"},{"personal_firstName":"Matthew","personal_lastName":"Murray","personal_email":"matthew.murray@googlemail.com","residentialAddress_fullAddress":"1 Glasgow Road, Edinburgh, Midlothian, EH12 8HW"},{"personal_firstName":"Francis","personal_lastName":"Lescott","personal_email":"francis.lescott@googlemail.com","residentialAddress_fullAddress":"10 Princes Street, Dundee, Angus, DD4 6BY"},{"personal_firstName":"Christopher","personal_lastName":"Weir","personal_email":"christopher.weir@helloworld.com","residentialAddress_fullAddress":"61 Pinetree Avenue, Lenzie, Dunbartonshire, G66 4EQ"},{"personal_firstName":"Oscar","personal_lastName":"Jenkins","personal_email":"oscar.jenkins@helloworld.com","residentialAddress_fullAddress":"1 Glasgow Road, Edinburgh, Midlothian, EH12 8HW"},{"personal_firstName":"Michelle","personal_lastName":"Weir","personal_email":"michelle.weir@hotmail.co.uk","residentialAddress_fullAddress":"61 Pinetree Avenue, Lenzie, Dunbartonshire, G66 4EQ"},{"personal_firstName":"Betty","personal_lastName":"Smith","personal_email":"betty.smith@aol.com","residentialAddress_fullAddress":"20 High Mill Court, Dundee, Angus, DD2 1UN"},{"personal_firstName":"Richard","personal_lastName":"Baxter","personal_email":"richard.baxter@helloworld.com","residentialAddress_fullAddress":"12 Northfield Farm Road, Edinburgh, Midlothian, EH8 7QR"},{"personal_firstName":"Margaret","personal_lastName":"Weir","personal_email":"margaret.weir@aol.com","residentialAddress_fullAddress":"10 Princes Street, Dundee, Angus, DD4 6BY"},{"personal_firstName":"Donna","personal_lastName":"Anderson","personal_email":"donna.anderson@googlemail.com","residentialAddress_fullAddress":"61 Pinetree Avenue, Lenzie, Dunbartonshire, G66 4EQ"},{"personal_firstName":"Patricia","personal_lastName":"Hayes","personal_email":"patricia.hayes@gmail.com","residentialAddress_fullAddress":"Castle Wynd, Stirling, Perthshire, FK8 1EJ"},{"personal_firstName":"Emily","personal_lastName":"McGregor","personal_email":"emily.mcgregor@live.co.uk","residentialAddress_fullAddress":"400 Coltness Rd, Wishaw, Lanarkshire, ML2 7HP"},{"personal_firstName":"Elizabeth","personal_lastName":"Weir","personal_email":"elizabeth.weir@aol.com","residentialAddress_fullAddress":"3 Callender Gardens, Dundee, Angus, DD4 6BY"},{"personal_firstName":"Mark","personal_lastName":"Smith","personal_email":"mark.smith@googlemail.com","residentialAddress_fullAddress":"1 Glasgow Road, Edinburgh, Midlothian, EH12 8HW"},{"personal_firstName":"Kenneth","personal_lastName":"Jenkins","personal_email":"kenneth.jenkins@example.com","residentialAddress_fullAddress":"12 Northfield Farm Road, Edinburgh, Midlothian, EH8 7QR"},{"personal_firstName":"Donna","personal_lastName":"Lescott","personal_email":"donna.lescott@hotmail.co.uk","residentialAddress_fullAddress":"12 Northfield Farm Road, Edinburgh, Midlothian, EH8 7QR"},{"personal_firstName":"Betty","personal_lastName":"Hayes","personal_email":"betty.hayes@live.com","residentialAddress_fullAddress":"16 Pinetree Avenue, Lenzie, Dunbartonshire, G66 4EQ"},{"personal_firstName":"Ashley","personal_lastName":"Weir","personal_email":"ashley.weir@live.com","residentialAddress_fullAddress":"61 Pinetree Avenue, Lenzie, Dunbartonshire, G66 4EQ"},{"personal_firstName":"Emily","personal_lastName":"Murray","personal_email":"emily.murray@outlook.com","residentialAddress_fullAddress":"1 Glasgow Road, Edinburgh, Midlothian, EH12 8HW"},{"personal_firstName":"Carol","personal_lastName":"Weir","personal_email":"carol.weir@helloworld.com","residentialAddress_fullAddress":"10 Princes Street, Dundee, Angus, DD4 6BY"},{"personal_firstName":"Nancy","personal_lastName":"Smith","personal_email":"nancy.smith@outlook.com","residentialAddress_fullAddress":"10 Princes Street, Dundee, Angus, DD4 6BY"},{"personal_firstName":"Ashley","personal_lastName":"Barry","personal_email":"ashley.barry@hotmail.com","residentialAddress_fullAddress":"16 Pinetree Avenue, Lenzie, Dunbartonshire, G66 4EQ"},{"personal_firstName":"Peter","personal_lastName":"Martin","personal_email":"peter.martin@googlemail.com","residentialAddress_fullAddress":"16 Pinetree Avenue, Lenzie, Dunbartonshire, G66 4EQ"},{"personal_firstName":"Patricia","personal_lastName":"Smith","personal_email":"patricia.smith@live.com","residentialAddress_fullAddress":"61 Pinetree Avenue, Lenzie, Dunbartonshire, G66 4EQ"},{"personal_firstName":"Amber","personal_lastName":"Hayes","personal_email":"amber.hayes@example.com","residentialAddress_fullAddress":"400 Coltness Rd, Wishaw, Lanarkshire, ML2 7HP"},{"personal_firstName":"Margaret","personal_lastName":"Baxter","personal_email":"margaret.baxter@googlemail.com","residentialAddress_fullAddress":"20 High Mill Court, Dundee, Angus, DD2 1UN"},{"personal_firstName":"Jennifer","personal_lastName":"Anderson","personal_email":"jennifer.anderson@aol.com","residentialAddress_fullAddress":"1 Glasgow Road, Edinburgh, Midlothian, EH12 8HW"},{"personal_firstName":"Mary","personal_lastName":"Martin","personal_email":"mary.martin@gmail.com","residentialAddress_fullAddress":"1 Glasgow Road, Edinburgh, Midlothian, EH12 8HW"},{"personal_firstName":"Joanna","personal_lastName":"Scott","personal_email":"joanna.scott@example.com","residentialAddress_fullAddress":"3 Callender Gardens, Dundee, Angus, DD4 6BY"},{"personal_firstName":"Susan","personal_lastName":"Martin","personal_email":"susan.martin@helloworld.com","residentialAddress_fullAddress":"98 Howatson Court, Livingston, Midlothian, EH54 7FH"},{"personal_firstName":"Steven","personal_lastName":"Scott","personal_email":"steven.scott@live.co.uk","residentialAddress_fullAddress":"16 Pinetree Avenue, Lenzie, Dunbartonshire, G66 4EQ"},{"personal_firstName":"Susan","personal_lastName":"Smith","personal_email":"susan.smith@googlemail.com","residentialAddress_fullAddress":"20 High Mill Court, Dundee, Angus, DD2 1UN"},{"personal_firstName":"Jessica","personal_lastName":"Weir","personal_email":"jessica.weir@example.com","residentialAddress_fullAddress":"111 Queen St, Glasgow, Glasgow, G1 3AH"},{"personal_firstName":"Jessica","personal_lastName":"Montgomery","personal_email":"jessica.montgomery@hotmail.com","residentialAddress_fullAddress":"10 Princes Street, Dundee, Angus, DD4 6BY"},{"personal_firstName":"Bobby","personal_lastName":"Barry","personal_email":"bobby.barry@outlook.com","residentialAddress_fullAddress":"12 Northfield Farm Road, Edinburgh, Midlothian, EH8 7QR"},{"personal_firstName":"Michelle","personal_lastName":"Scott","personal_email":"michelle.scott@googlemail.com","residentialAddress_fullAddress":"400 Coltness Rd, Wishaw, Lanarkshire, ML2 7HP"},{"personal_firstName":"Paul","personal_lastName":"Hayes","personal_email":"paul.hayes@aol.com","residentialAddress_fullAddress":"16 Pinetree Avenue, Lenzie, Dunbartonshire, G66 4EQ"},{"personal_firstName":"Elizabeth","personal_lastName":"Hayes","personal_email":"elizabeth.hayes@gmail.com","residentialAddress_fullAddress":"400 Coltness Rd, Wishaw, Lanarkshire, ML2 7HP"},{"personal_firstName":"William","personal_lastName":"Baxter","personal_email":"william.baxter@example.com","residentialAddress_fullAddress":"3 Callender Gardens, Dundee, Angus, DD4 6BY"},{"personal_firstName":"Martin","personal_lastName":"Anderson","personal_email":"martin.anderson@hotmail.co.uk","residentialAddress_fullAddress":"Castle Wynd, Stirling, Perthshire, FK8 1EJ"},{"personal_firstName":"Ashley","personal_lastName":"Anderson","personal_email":"ashley.anderson@live.com","residentialAddress_fullAddress":"10 Princes Street, Dundee, Angus, DD4 6BY"},{"personal_firstName":"Jessica","personal_lastName":"Hayes","personal_email":"jessica.hayes@live.com","residentialAddress_fullAddress":"400 Coltness Rd, Wishaw, Lanarkshire, ML2 7HP"},{"personal_firstName":"Jessica","personal_lastName":"Hayes","personal_email":"jessica.hayes@helloworld.com","residentialAddress_fullAddress":"20 High Mill Court, Dundee, Angus, DD2 1UN"},{"personal_firstName":"Andrew","personal_lastName":"Montgomery","personal_email":"andrew.montgomery@hotmail.co.uk","residentialAddress_fullAddress":"16 Pinetree Avenue, Lenzie, Dunbartonshire, G66 4EQ"},{"personal_firstName":"Margaret","personal_lastName":"Weir","personal_email":"margaret.weir@googlemail.com","residentialAddress_fullAddress":"16 Pinetree Avenue, Lenzie, Dunbartonshire, G66 4EQ"},{"personal_firstName":"William","personal_lastName":"Murray","personal_email":"william.murray@hotmail.com","residentialAddress_fullAddress":"111 Queen St, Glasgow, Glasgow, G1 3AH"},{"personal_firstName":"Paul","personal_lastName":"Hayes","personal_email":"paul.hayes@googlemail.com","residentialAddress_fullAddress":"111 Queen St, Glasgow, Glasgow, G1 3AH"},{"personal_firstName":"James","personal_lastName":"Lescott","personal_email":"james.lescott@aol.com","residentialAddress_fullAddress":"10 Princes Street, Dundee, Angus, DD4 6BY"},{"personal_firstName":"Bernard","personal_lastName":"McGregor","personal_email":"bernard.mcgregor@gmail.com","residentialAddress_fullAddress":"10 Princes Street, Dundee, Angus, DD4 6BY"},{"personal_firstName":"Patricia","personal_lastName":"Barry","personal_email":"patricia.barry@helloworld.com","residentialAddress_fullAddress":"98 Howatson Court, Livingston, Midlothian, EH54 7FH"},{"personal_firstName":"Oscar","personal_lastName":"James","personal_email":"oscar.james@live.co.uk","residentialAddress_fullAddress":"400 Coltness Rd, Wishaw, Lanarkshire, ML2 7HP"},{"personal_firstName":"Martin","personal_lastName":"Jenkins","personal_email":"martin.jenkins@googlemail.com","residentialAddress_fullAddress":"400 Coltness Rd, Wishaw, Lanarkshire, ML2 7HP"},{"personal_firstName":"Steven","personal_lastName":"Weir","personal_email":"steven.weir@outlook.com","residentialAddress_fullAddress":"61 Pinetree Avenue, Lenzie, Dunbartonshire, G66 4EQ"},{"personal_firstName":"Mary","personal_lastName":"McGregor","personal_email":"mary.mcgregor@live.com","residentialAddress_fullAddress":"400 Coltness Rd, Wishaw, Lanarkshire, ML2 7HP"},{"personal_firstName":"Margaret","personal_lastName":"Weir","personal_email":"margaret.weir@hotmail.co.uk","residentialAddress_fullAddress":"3 Callender Gardens, Dundee, Angus, DD4 6BY"},{"personal_firstName":"Amber","personal_lastName":"Martin","personal_email":"amber.martin@live.co.uk","residentialAddress_fullAddress":"10 Princes Street, Dundee, Angus, DD4 6BY"},{"personal_firstName":"Anthony","personal_lastName":"James","personal_email":"anthony.james@live.co.uk","residentialAddress_fullAddress":"16 Pinetree Avenue, Lenzie, Dunbartonshire, G66 4EQ"},{"personal_firstName":"Barbara","personal_lastName":"James","personal_email":"barbara.james@helloworld.com","residentialAddress_fullAddress":"10 Princes Street, Dundee, Angus, DD4 6BY"},{"personal_firstName":"Anthony","personal_lastName":"Lescott","personal_email":"anthony.lescott@aol.com","residentialAddress_fullAddress":"61 Pinetree Avenue, Lenzie, Dunbartonshire, G66 4EQ"},{"personal_firstName":"Donald","personal_lastName":"Smith","personal_email":"donald.smith@live.com","residentialAddress_fullAddress":"98 Howatson Court, Livingston, Midlothian, EH54 7FH"},{"personal_firstName":"Michael","personal_lastName":"Scott","personal_email":"michael.scott@outlook.com","residentialAddress_fullAddress":"400 Coltness Rd, Wishaw, Lanarkshire, ML2 7HP"},{"personal_firstName":"Donald","personal_lastName":"Jenkins","personal_email":"donald.jenkins@googlemail.com","residentialAddress_fullAddress":"Castle Wynd, Stirling, Perthshire, FK8 1EJ"},{"personal_firstName":"Donna","personal_lastName":"Scott","personal_email":"donna.scott@hotmail.co.uk","residentialAddress_fullAddress":"98 Howatson Court, Livingston, Midlothian, EH54 7FH"},{"personal_firstName":"Michelle","personal_lastName":"Anderson","personal_email":"michelle.anderson@hotmail.com","residentialAddress_fullAddress":"111 Queen St, Glasgow, Glasgow, G1 3AH"},{"personal_firstName":"Richard","personal_lastName":"Norman","personal_email":"richard.norman@aol.com","residentialAddress_fullAddress":"20 High Mill Court, Dundee, Angus, DD2 1UN"},{"personal_firstName":"Patricia","personal_lastName":"Scott","personal_email":"patricia.scott@outlook.com","residentialAddress_fullAddress":"10 Princes Street, Dundee, Angus, DD4 6BY"},{"personal_firstName":"Oscar","personal_lastName":"Jenkins","personal_email":"oscar.jenkins@hotmail.co.uk","residentialAddress_fullAddress":"98 Howatson Court, Livingston, Midlothian, EH54 7FH"},{"personal_firstName":"Jennifer","personal_lastName":"Jenkins","personal_email":"jennifer.jenkins@helloworld.com","residentialAddress_fullAddress":"10 Princes Street, Dundee, Angus, DD4 6BY"},{"personal_firstName":"Martin","personal_lastName":"McGregor","personal_email":"martin.mcgregor@live.co.uk","residentialAddress_fullAddress":"Castle Wynd, Stirling, Perthshire, FK8 1EJ"},{"personal_firstName":"Sarah","personal_lastName":"Lescott","personal_email":"sarah.lescott@gmail.com","residentialAddress_fullAddress":"16 Pinetree Avenue, Lenzie, Dunbartonshire, G66 4EQ"},{"personal_firstName":"Bobby","personal_lastName":"Scott","personal_email":"bobby.scott@helloworld.com","residentialAddress_fullAddress":"20 High Mill Court, Dundee, Angus, DD2 1UN"},{"personal_firstName":"William","personal_lastName":"Martin","personal_email":"william.martin@live.com","residentialAddress_fullAddress":"61 Pinetree Avenue, Lenzie, Dunbartonshire, G66 4EQ"},{"personal_firstName":"Joanna","personal_lastName":"Jenkins","personal_email":"joanna.jenkins@outlook.com","residentialAddress_fullAddress":"10 Princes Street, Dundee, Angus, DD4 6BY"},{"personal_firstName":"Sandra","personal_lastName":"McGregor","personal_email":"sandra.mcgregor@example.com","residentialAddress_fullAddress":"1 Glasgow Road, Edinburgh, Midlothian, EH12 8HW"},{"personal_firstName":"Margaret","personal_lastName":"Smith","personal_email":"margaret.smith@gmail.com","residentialAddress_fullAddress":"61 Pinetree Avenue, Lenzie, Dunbartonshire, G66 4EQ"},{"personal_firstName":"Carol","personal_lastName":"Lescott","personal_email":"carol.lescott@live.com","residentialAddress_fullAddress":"12 Northfield Farm Road, Edinburgh, Midlothian, EH8 7QR"},{"personal_firstName":"Nancy","personal_lastName":"Jenkins","personal_email":"nancy.jenkins@helloworld.com","residentialAddress_fullAddress":"10 Princes Street, Dundee, Angus, DD4 6BY"},{"personal_firstName":"Dorothy","personal_lastName":"Baxter","personal_email":"dorothy.baxter@hotmail.com","residentialAddress_fullAddress":"98 Howatson Court, Livingston, Midlothian, EH54 7FH"},{"personal_firstName":"John","personal_lastName":"Jenkins","personal_email":"john.jenkins@example.com","residentialAddress_fullAddress":"61 Pinetree Avenue, Lenzie, Dunbartonshire, G66 4EQ"},{"personal_firstName":"Robert","personal_lastName":"Murray","personal_email":"robert.murray@live.com","residentialAddress_fullAddress":"12 Northfield Farm Road, Edinburgh, Midlothian, EH8 7QR"},{"personal_firstName":"Stephen","personal_lastName":"Lescott","personal_email":"stephen.lescott@live.com","residentialAddress_fullAddress":"1 Glasgow Road, Edinburgh, Midlothian, EH12 8HW"},{"personal_firstName":"Kenneth","personal_lastName":"McGregor","personal_email":"kenneth.mcgregor@googlemail.com","residentialAddress_fullAddress":"1 Glasgow Road, Edinburgh, Midlothian, EH12 8HW"},{"personal_firstName":"Susan","personal_lastName":"Barry","personal_email":"susan.barry@hotmail.co.uk","residentialAddress_fullAddress":"Castle Wynd, Stirling, Perthshire, FK8 1EJ"},{"personal_firstName":"Christopher","personal_lastName":"Baxter","personal_email":"christopher.baxter@gmail.com","residentialAddress_fullAddress":"20 High Mill Court, Dundee, Angus, DD2 1UN"}]