[{"personal_nino":"MB579556B","personal_title":"MISS","personal_firstName":"Susan","personal_secondName":"Michelle","personal_lastName":"Montgomery","personal_fullName":"Susan Montgomery","personal_startDate":"25/12/2008","personal_dobFormatted":"07/09/2005","personal_name1DrivingLicence":"MONTG109070S99GN","personal_email":"susan.montgomery@gmail.com","personal_mobileNumber":"07109491443","personal_gender":"F","personal_nationality":"American","residentialAddress_firstLine":"Castle Wynd","residentialAddress_city":"Stirling","residentialAddress_county":"Perthshire","residentialAddress_postCode":"FK8 1EJ","residentialAddress_moveInDate":"07/01/2018","financial_accountName":"POCA","financial_accountNumber":"30637555","financial_iban":"Bx04DINj59912099188430","financial_sortCode":"473720","financial_swift":"WWaCrZ15qqP","financial_rollNumber":"zEo-K992476/w","financial_accountTypes":"BA45000"}]