[{"personal_nino":"WL874034C","personal_title":"LADY","personal_firstName":"Donald","personal_secondName":"Andrew","personal_lastName":"Montgomery","personal_fullName":"Donald Montgomery","personal_startDate":"22/06/2015","personal_dobFormatted":"27/08/1999","personal_name1DrivingLicence":"MONTG908279D99RT","personal_email":"donald.montgomery@googlemail.com","personal_mobileNumber":"07410517723","personal_gender":"M","personal_nationality":"Swiss","residentialAddress_firstLine":"16 Pinetree Avenue","residentialAddress_city":"Lenzie","residentialAddress_county":"Dunbartonshire","residentialAddress_postCode":"G66 4EQ","residentialAddress_moveInDate":"10/09/2023","financial_accountName":"Credit Union","financial_accountNumber":"33212428","financial_iban":"cu07MWMz35665118499979","financial_sortCode":"511982","financial_swift":"ymBYhc14XZZ","financial_rollNumber":"kot-M124527/G","financial_accountTypes":"BA45004"}]