[{"personal_nino":"SA293144A","personal_title":"MR","personal_firstName":"Barbara","personal_secondName":"Martin","personal_lastName":"Anderson","personal_fullName":"Barbara Anderson","personal_startDate":"29/08/2007","personal_dobFormatted":"13/01/1994","personal_name1DrivingLicence":"ANDER901134B99RR","personal_email":"barbara.anderson@live.com","personal_mobileNumber":"07294793037","personal_gender":"F","personal_nationality":"Swiss","residentialAddress_firstLine":"400 Coltness Rd","residentialAddress_city":"Wishaw","residentialAddress_county":"Lanarkshire","residentialAddress_postCode":"ML2 7HP","residentialAddress_moveInDate":"20/04/2010","financial_accountName":"POCA","financial_accountNumber":"69481855","financial_iban":"Pp70reJO78521244033625","financial_sortCode":"675691","financial_swift":"mEGZLW96LQZ","financial_rollNumber":"zxO-C014734/K","financial_accountTypes":"BA45004"}]