[{"personal_nino":"AZ791120A","personal_title":"PROF","personal_firstName":"Betty","personal_secondName":"Joshua","personal_lastName":"McGregor","personal_fullName":"Betty McGregor","personal_startDate":"18/12/2002","personal_dobFormatted":"29/04/1995","personal_name1DrivingLicence":"MCGRE904295B99SI","personal_email":"betty.mcgregor@example.com","personal_mobileNumber":"07927504230","personal_gender":"M","personal_nationality":"Chinese","residentialAddress_firstLine":"1 Glasgow Road","residentialAddress_city":"Edinburgh","residentialAddress_county":"Midlothian","residentialAddress_postCode":"EH12 8HW","residentialAddress_moveInDate":"07/11/2012","financial_accountName":"Credit Union","financial_accountNumber":"59821890","financial_iban":"fX30nYIL13736004273383","financial_sortCode":"283492","financial_swift":"RhphLI43upn","financial_rollNumber":"wko-B548206/O","financial_accountTypes":"BA45004"}]