[{"personal_nino":"HW978421B","personal_title":"MR","personal_firstName":"Amber","personal_secondName":"James","personal_lastName":"Montgomery","personal_fullName":"Amber Montgomery","personal_startDate":"18/12/2003","personal_dobFormatted":"19/09/1994","personal_name1DrivingLicence":"MONTG909194A99NG","personal_email":"amber.montgomery@hotmail.co.uk","personal_mobileNumber":"07827518075","personal_gender":"F","personal_nationality":"American","residentialAddress_firstLine":"1 Glasgow Road","residentialAddress_city":"Edinburgh","residentialAddress_county":"Midlothian","residentialAddress_postCode":"EH12 8HW","residentialAddress_moveInDate":"12/09/2013","financial_accountName":"POCA","financial_accountNumber":"45898014","financial_iban":"CQ00hRHS74107830643537","financial_sortCode":"456301","financial_swift":"igfHfT61Ewm","financial_rollNumber":"TgL-Y286805/i","financial_accountTypes":"BA45004"}]