[{"personal_nino":"AP650514A","personal_title":"COL","personal_firstName":"James","personal_secondName":"John","personal_lastName":"Montgomery","personal_fullName":"James Montgomery","personal_startDate":"25/09/2018","personal_dobFormatted":"24/06/1997","personal_name1DrivingLicence":"MONTG906247J99GS","personal_email":"james.montgomery@helloworld.com","personal_mobileNumber":"07092102505","personal_gender":"M","personal_nationality":"Swiss","residentialAddress_firstLine":"400 Coltness Rd","residentialAddress_city":"Wishaw","residentialAddress_county":"Lanarkshire","residentialAddress_postCode":"ML2 7HP","residentialAddress_moveInDate":"30/05/2011","financial_accountName":"POCA","financial_accountNumber":"92172031","financial_iban":"Jf35FDOM20561336675060","financial_sortCode":"262492","financial_swift":"WroNbD22kPx","financial_rollNumber":"gyT-X657384/h","financial_accountTypes":"BA45000"}]