[{"personal_nino":"TL177323C","personal_title":"MISS","personal_firstName":"Karen","personal_secondName":"Joshua","personal_lastName":"Lescott","personal_fullName":"Karen Lescott","personal_startDate":"02/10/2022","personal_dobFormatted":"26/07/1988","personal_name1DrivingLicence":"LESCO807268K99IN","personal_email":"karen.lescott@gmail.com","personal_mobileNumber":"07762852114","personal_gender":"F","personal_nationality":"Australian","residentialAddress_firstLine":"61 Pinetree Avenue","residentialAddress_city":"Lenzie","residentialAddress_county":"Dunbartonshire","residentialAddress_postCode":"G66 4EQ","residentialAddress_moveInDate":"03/04/2022","financial_accountName":"IMOVO","financial_accountNumber":"42104132","financial_iban":"hT34qjqK45364107492095","financial_sortCode":"445857","financial_swift":"UzHhps06jJP","financial_rollNumber":"Amo-P520797/Z","financial_accountTypes":"BA45000"}]