"personal_firstName","personal_lastName","personal_email","residentialAddress_fullAddress"
"Kimberly","Jenkins","kimberly.jenkins@gmail.com","98 Howatson Court, Livingston, Midlothian, EH54 7FH"
"Lisa","Norman","lisa.norman@outlook.com","Castle Wynd, Stirling, Perthshire, FK8 1EJ"
"Barbara","Brown","barbara.brown@googlemail.com","111 Queen St, Glasgow, Glasgow, G1 3AH"
"Carol","Brown","carol.brown@hotmail.co.uk","111 Queen St, Glasgow, Glasgow, G1 3AH"
"Jessica","Murray","jessica.murray@aol.com","3 Callender Gardens, Dundee, Angus, DD4 6BY"
"John","James","john.james@hotmail.com","10 Princes Street, Dundee, Angus, DD4 6BY"
"Patricia","Montgomery","patricia.montgomery@hotmail.com","3 Callender Gardens, Dundee, Angus, DD4 6BY"
"David","Hayes","david.hayes@aol.com","Castle Wynd, Stirling, Perthshire, FK8 1EJ"
"Richard","Lescott","richard.lescott@hotmail.co.uk","Castle Wynd, Stirling, Perthshire, FK8 1EJ"
"Joseph","Lescott","joseph.lescott@googlemail.com","12 Northfield Farm Road, Edinburgh, Midlothian, EH8 7QR"
"Stephen","Murray","stephen.murray@example.com","20 High Mill Court, Dundee, Angus, DD2 1UN"
"Susan","Scott","susan.scott@live.com","111 Queen St, Glasgow, Glasgow, G1 3AH"
"John","Smith","john.smith@live.com","3 Callender Gardens, Dundee, Angus, DD4 6BY"
"Peter","Anderson","peter.anderson@helloworld.com","3 Callender Gardens, Dundee, Angus, DD4 6BY"
"Margaret","Owen","margaret.owen@gmail.com","111 Queen St, Glasgow, Glasgow, G1 3AH"
"Francis","Montgomery","francis.montgomery@hotmail.com","61 Pinetree Avenue, Lenzie, Dunbartonshire, G66 4EQ"
"Emily","Smith","emily.smith@example.com","111 Queen St, Glasgow, Glasgow, G1 3AH"
"Christopher","Jenkins","christopher.jenkins@googlemail.com","12 Northfield Farm Road, Edinburgh, Midlothian, EH8 7QR"
"Lisa","Weir","lisa.weir@live.co.uk","3 Callender Gardens, Dundee, Angus, DD4 6BY"
"Patricia","Montgomery","patricia.montgomery@hotmail.com","61 Pinetree Avenue, Lenzie, Dunbartonshire, G66 4EQ"
"Kimberly","McGregor","kimberly.mcgregor@hotmail.co.uk","10 Princes Street, Dundee, Angus, DD4 6BY"
"Richard","Baxter","richard.baxter@live.co.uk","20 High Mill Court, Dundee, Angus, DD2 1UN"
"Michael","McGregor","michael.mcgregor@aol.com","111 Queen St, Glasgow, Glasgow, G1 3AH"
"Francis","Norman","francis.norman@hotmail.co.uk","61 Pinetree Avenue, Lenzie, Dunbartonshire, G66 4EQ"
"Dorothy","Lescott","dorothy.lescott@live.com","98 Howatson Court, Livingston, Midlothian, EH54 7FH"
"Mark","Brown","mark.brown@live.com","1 Glasgow Road, Edinburgh, Midlothian, EH12 8HW"
"Sandra","Baxter","sandra.baxter@live.co.uk","16 Pinetree Avenue, Lenzie, Dunbartonshire, G66 4EQ"
"Martin","Brown","martin.brown@hotmail.com","3 Callender Gardens, Dundee, Angus, DD4 6BY"
"Robert","Jenkins","robert.jenkins@live.co.uk","61 Pinetree Avenue, Lenzie, Dunbartonshire, G66 4EQ"
"Joshua","Brown","joshua.brown@example.com","111 Queen St, Glasgow, Glasgow, G1 3AH"
"Joseph","Murray","joseph.murray@googlemail.com","10 Princes Street, Dundee, Angus, DD4 6BY"
"Francis","Martin","francis.martin@gmail.com","111 Queen St, Glasgow, Glasgow, G1 3AH"
"Francis","Owen","francis.owen@live.com","20 High Mill Court, Dundee, Angus, DD2 1UN"
"Mary","Smith","mary.smith@outlook.com","12 Northfield Farm Road, Edinburgh, Midlothian, EH8 7QR"
"Thomas","Montgomery","thomas.montgomery@googlemail.com","Castle Wynd, Stirling, Perthshire, FK8 1EJ"
"Robert","Norman","robert.norman@hotmail.co.uk","12 Northfield Farm Road, Edinburgh, Midlothian, EH8 7QR"
"Paul","Martin","paul.martin@outlook.com","1 Glasgow Road, Edinburgh, Midlothian, EH12 8HW"
"Emily","Norman","emily.norman@live.co.uk","1 Glasgow Road, Edinburgh, Midlothian, EH12 8HW"
"Sarah","Murray","sarah.murray@example.com","111 Queen St, Glasgow, Glasgow, G1 3AH"
"Elizabeth","McGregor","elizabeth.mcgregor@googlemail.com","1 Glasgow Road, Edinburgh, Midlothian, EH12 8HW"
"Joanna","Brown","joanna.brown@outlook.com","400 Coltness Rd, Wishaw, Lanarkshire, ML2 7HP"
"Susan","Lescott","susan.lescott@hotmail.co.uk","20 High Mill Court, Dundee, Angus, DD2 1UN"
"Karen","Norman","karen.norman@outlook.com","10 Princes Street, Dundee, Angus, DD4 6BY"
"Charles","McGregor","charles.mcgregor@googlemail.com","12 Northfield Farm Road, Edinburgh, Midlothian, EH8 7QR"
"Kenneth","Montgomery","kenneth.montgomery@googlemail.com","16 Pinetree Avenue, Lenzie, Dunbartonshire, G66 4EQ"
"Mary","Jenkins","mary.jenkins@hotmail.co.uk","12 Northfield Farm Road, Edinburgh, Midlothian, EH8 7QR"
"Ashley","Martin","ashley.martin@gmail.com","3 Callender Gardens, Dundee, Angus, DD4 6BY"
"Michael","Jenkins","michael.jenkins@outlook.com","10 Princes Street, Dundee, Angus, DD4 6BY"
"Linda","Owen","linda.owen@example.com","61 Pinetree Avenue, Lenzie, Dunbartonshire, G66 4EQ"
"Daniel","Smith","daniel.smith@live.co.uk","98 Howatson Court, Livingston, Midlothian, EH54 7FH"
"James","Barry","james.barry@aol.com","12 Northfield Farm Road, Edinburgh, Midlothian, EH8 7QR"
"Jennifer","Anderson","jennifer.anderson@live.co.uk","3 Callender Gardens, Dundee, Angus, DD4 6BY"
"Karen","Jenkins","karen.jenkins@hotmail.co.uk","61 Pinetree Avenue, Lenzie, Dunbartonshire, G66 4EQ"
"Joanna","Martin","joanna.martin@outlook.com","12 Northfield Farm Road, Edinburgh, Midlothian, EH8 7QR"
"Joanna","Martin","joanna.martin@example.com","98 Howatson Court, Livingston, Midlothian, EH54 7FH"
"Sarah","James","sarah.james@live.com","111 Queen St, Glasgow, Glasgow, G1 3AH"
"Michelle","McGregor","michelle.mcgregor@live.com","12 Northfield Farm Road, Edinburgh, Midlothian, EH8 7QR"
"Oscar","Brown","oscar.brown@hotmail.co.uk","400 Coltness Rd, Wishaw, Lanarkshire, ML2 7HP"
"Michelle","Murray","michelle.murray@outlook.com","3 Callender Gardens, Dundee, Angus, DD4 6BY"
"Christopher","Owen","christopher.owen@gmail.com","3 Callender Gardens, Dundee, Angus, DD4 6BY"
"Bobby","Barry","bobby.barry@outlook.com","10 Princes Street, Dundee, Angus, DD4 6BY"
"Karen","Lescott","karen.lescott@live.com","1 Glasgow Road, Edinburgh, Midlothian, EH12 8HW"
"Steven","Scott","steven.scott@live.co.uk","16 Pinetree Avenue, Lenzie, Dunbartonshire, G66 4EQ"
"Sandra","Anderson","sandra.anderson@live.com","400 Coltness Rd, Wishaw, Lanarkshire, ML2 7HP"
"Robert","Murray","robert.murray@example.com","12 Northfield Farm Road, Edinburgh, Midlothian, EH8 7QR"
"Daniel","Hayes","daniel.hayes@live.com","16 Pinetree Avenue, Lenzie, Dunbartonshire, G66 4EQ"
"Emily","Murray","emily.murray@aol.com","12 Northfield Farm Road, Edinburgh, Midlothian, EH8 7QR"
"Ashley","McGregor","ashley.mcgregor@hotmail.co.uk","1 Glasgow Road, Edinburgh, Midlothian, EH12 8HW"
"Linda","McGregor","linda.mcgregor@live.co.uk","98 Howatson Court, Livingston, Midlothian, EH54 7FH"
"Betty","Norman","betty.norman@example.com","3 Callender Gardens, Dundee, Angus, DD4 6BY"
"Amber","Murray","amber.murray@aol.com","111 Queen St, Glasgow, Glasgow, G1 3AH"
"Joshua","Baxter","joshua.baxter@helloworld.com","10 Princes Street, Dundee, Angus, DD4 6BY"
"Kimberly","Hayes","kimberly.hayes@helloworld.com","10 Princes Street, Dundee, Angus, DD4 6BY"
"Karen","Murray","karen.murray@live.com","12 Northfield Farm Road, Edinburgh, Midlothian, EH8 7QR"
"Anthony","James","anthony.james@hotmail.com","3 Callender Gardens, Dundee, Angus, DD4 6BY"
"Susan","Baxter","susan.baxter@googlemail.com","16 Pinetree Avenue, Lenzie, Dunbartonshire, G66 4EQ"
"Robert","Norman","robert.norman@gmail.com","10 Princes Street, Dundee, Angus, DD4 6BY"
"Kenneth","Owen","kenneth.owen@outlook.com","16 Pinetree Avenue, Lenzie, Dunbartonshire, G66 4EQ"
"Karen","Scott","karen.scott@hotmail.co.uk","3 Callender Gardens, Dundee, Angus, DD4 6BY"
"Stephen","Hayes","stephen.hayes@hotmail.co.uk","111 Queen St, Glasgow, Glasgow, G1 3AH"
"Christopher","Lescott","christopher.lescott@live.co.uk","400 Coltness Rd, Wishaw, Lanarkshire, ML2 7HP"
"Francis","Brown","francis.brown@example.com","16 Pinetree Avenue, Lenzie, Dunbartonshire, G66 4EQ"
"Anthony","Baxter","anthony.baxter@gmail.com","16 Pinetree Avenue, Lenzie, Dunbartonshire, G66 4EQ"
"Joshua","Baxter","joshua.baxter@outlook.com","Castle Wynd, Stirling, Perthshire, FK8 1EJ"
"Amber","Barry","amber.barry@example.com","111 Queen St, Glasgow, Glasgow, G1 3AH"
"Barbara","Baxter","barbara.baxter@hotmail.com","98 Howatson Court, Livingston, Midlothian, EH54 7FH"
"Joanna","McGregor","joanna.mcgregor@googlemail.com","400 Coltness Rd, Wishaw, Lanarkshire, ML2 7HP"
"Anthony","Barry","anthony.barry@gmail.com","1 Glasgow Road, Edinburgh, Midlothian, EH12 8HW"
"Kenneth","James","kenneth.james@aol.com","16 Pinetree Avenue, Lenzie, Dunbartonshire, G66 4EQ"
"Charles","Brown","charles.brown@example.com","111 Queen St, Glasgow, Glasgow, G1 3AH"
"Mary","Murray","mary.murray@hotmail.com","12 Northfield Farm Road, Edinburgh, Midlothian, EH8 7QR"
"Charles","Smith","charles.smith@helloworld.com","16 Pinetree Avenue, Lenzie, Dunbartonshire, G66 4EQ"
"Emily","Scott","emily.scott@outlook.com","3 Callender Gardens, Dundee, Angus, DD4 6BY"
"Donald","Martin","donald.martin@live.co.uk","20 High Mill Court, Dundee, Angus, DD2 1UN"
"Sandra","Jenkins","sandra.jenkins@aol.com","1 Glasgow Road, Edinburgh, Midlothian, EH12 8HW"
"Kimberly","McGregor","kimberly.mcgregor@helloworld.com","12 Northfield Farm Road, Edinburgh, Midlothian, EH8 7QR"
"Joshua","Barry","joshua.barry@example.com","10 Princes Street, Dundee, Angus, DD4 6BY"
"Oscar","Jenkins","oscar.jenkins@hotmail.co.uk","98 Howatson Court, Livingston, Midlothian, EH54 7FH"
"Joshua","Scott","joshua.scott@helloworld.com","400 Coltness Rd, Wishaw, Lanarkshire, ML2 7HP"
"Paul","Murray","paul.murray@live.co.uk","16 Pinetree Avenue, Lenzie, Dunbartonshire, G66 4EQ"