[{"personal_nino":"CB686292A","personal_title":"LORD","personal_firstName":"Matthew","personal_secondName":"Jennifer","personal_lastName":"Weir","personal_fullName":"Matthew Weir","personal_startDate":"30/08/2004","personal_dobFormatted":"31/07/1966","personal_name1DrivingLicence":"WEI99607316M99GT","personal_email":"matthew.weir@aol.com","personal_mobileNumber":"07605432692","personal_gender":"M","personal_nationality":"French","residentialAddress_firstLine":"61 Pinetree Avenue","residentialAddress_city":"Lenzie","residentialAddress_county":"Dunbartonshire","residentialAddress_postCode":"G66 4EQ","residentialAddress_moveInDate":"17/12/2015","financial_accountName":"Credit Union","financial_accountNumber":"73150105","financial_iban":"iJ62Lvyg25810254243100","financial_sortCode":"043029","financial_swift":"SmHEsk48MKo","financial_rollNumber":"ckN-m474566/O","financial_accountTypes":"BA45000"}]