[{"personal_nino":"CS761481A","personal_title":"MS","personal_firstName":"Peter","personal_secondName":"Mary","personal_lastName":"Martin","personal_fullName":"Peter Martin","personal_startDate":"18/09/2023","personal_dobFormatted":"05/12/1984","personal_name1DrivingLicence":"MARTI812054P99NS","personal_email":"peter.martin@googlemail.com","personal_mobileNumber":"07993352936","personal_gender":"M","personal_nationality":"Swiss","residentialAddress_firstLine":"10 Princes Street","residentialAddress_city":"Dundee","residentialAddress_county":"Angus","residentialAddress_postCode":"DD4 6BY","residentialAddress_moveInDate":"01/05/2011","financial_accountName":"POCA","financial_accountNumber":"70567667","financial_iban":"va53tXde06365358512846","financial_sortCode":"030531","financial_swift":"buRGbY48IzH","financial_rollNumber":"PkC-B161836/F","financial_accountTypes":"BA45004"}]