[{"personal_nino":"TM280751C","personal_title":"MISS","personal_firstName":"Mark","personal_secondName":"Michelle","personal_lastName":"Lescott","personal_fullName":"Mark Lescott","personal_startDate":"06/03/1975","personal_dobFormatted":"10/06/1971","personal_name1DrivingLicence":"LESCO706101M99SS","personal_email":"mark.lescott@helloworld.com","personal_mobileNumber":"07092871113","personal_gender":"F","personal_nationality":"Australian","residentialAddress_firstLine":"98 Howatson Court","residentialAddress_city":"Livingston","residentialAddress_county":"Midlothian","residentialAddress_postCode":"EH54 7FH","residentialAddress_moveInDate":"25/01/2014","financial_accountName":"IMOVO","financial_accountNumber":"43536777","financial_iban":"ec15BKUH39531302859162","financial_sortCode":"093003","financial_swift":"MXFbqV54Sst","financial_rollNumber":"NsA-H429158/b","financial_accountTypes":"BA45000"}]