"personal_firstName","personal_lastName","personal_email","residentialAddress_fullAddress"
"Elizabeth","Hayes","elizabeth.hayes@hotmail.com","61 Pinetree Avenue, Lenzie, Dunbartonshire, G66 4EQ"
"Betty","Scott","betty.scott@live.com","98 Howatson Court, Livingston, Midlothian, EH54 7FH"
"Jennifer","Martin","jennifer.martin@hotmail.com","98 Howatson Court, Livingston, Midlothian, EH54 7FH"
"Michelle","Weir","michelle.weir@gmail.com","20 High Mill Court, Dundee, Angus, DD2 1UN"
"Linda","Owen","linda.owen@outlook.com","1 Glasgow Road, Edinburgh, Midlothian, EH12 8HW"
"Michelle","Baxter","michelle.baxter@aol.com","61 Pinetree Avenue, Lenzie, Dunbartonshire, G66 4EQ"
"Susan","Hayes","susan.hayes@aol.com","12 Northfield Farm Road, Edinburgh, Midlothian, EH8 7QR"
"Richard","Baxter","richard.baxter@gmail.com","Castle Wynd, Stirling, Perthshire, FK8 1EJ"
"Nancy","Hayes","nancy.hayes@outlook.com","3 Callender Gardens, Dundee, Angus, DD4 6BY"
"Patricia","Scott","patricia.scott@helloworld.com","400 Coltness Rd, Wishaw, Lanarkshire, ML2 7HP"
"Anthony","Hayes","anthony.hayes@gmail.com","10 Princes Street, Dundee, Angus, DD4 6BY"
"Patricia","Murray","patricia.murray@live.com","61 Pinetree Avenue, Lenzie, Dunbartonshire, G66 4EQ"
"Kimberly","Hayes","kimberly.hayes@hotmail.com","10 Princes Street, Dundee, Angus, DD4 6BY"
"Sandra","Barry","sandra.barry@googlemail.com","111 Queen St, Glasgow, Glasgow, G1 3AH"
"Joshua","Lescott","joshua.lescott@aol.com","20 High Mill Court, Dundee, Angus, DD2 1UN"
"Linda","Baxter","linda.baxter@live.co.uk","16 Pinetree Avenue, Lenzie, Dunbartonshire, G66 4EQ"
"Christopher","Anderson","christopher.anderson@helloworld.com","98 Howatson Court, Livingston, Midlothian, EH54 7FH"
"Anthony","Baxter","anthony.baxter@helloworld.com","111 Queen St, Glasgow, Glasgow, G1 3AH"
"Joseph","Hayes","joseph.hayes@outlook.com","98 Howatson Court, Livingston, Midlothian, EH54 7FH"
"Daniel","Brown","daniel.brown@live.co.uk","111 Queen St, Glasgow, Glasgow, G1 3AH"
"Nancy","Scott","nancy.scott@outlook.com","16 Pinetree Avenue, Lenzie, Dunbartonshire, G66 4EQ"
"Robert","Norman","robert.norman@googlemail.com","111 Queen St, Glasgow, Glasgow, G1 3AH"
"Nancy","Montgomery","nancy.montgomery@aol.com","16 Pinetree Avenue, Lenzie, Dunbartonshire, G66 4EQ"
"Joshua","Lescott","joshua.lescott@aol.com","98 Howatson Court, Livingston, Midlothian, EH54 7FH"
"Karen","Norman","karen.norman@live.co.uk","10 Princes Street, Dundee, Angus, DD4 6BY"
"Joanna","Murray","joanna.murray@helloworld.com","12 Northfield Farm Road, Edinburgh, Midlothian, EH8 7QR"
"Amber","Montgomery","amber.montgomery@example.com","16 Pinetree Avenue, Lenzie, Dunbartonshire, G66 4EQ"
"Susan","Anderson","susan.anderson@outlook.com","Castle Wynd, Stirling, Perthshire, FK8 1EJ"
"Joanna","Scott","joanna.scott@hotmail.co.uk","12 Northfield Farm Road, Edinburgh, Midlothian, EH8 7QR"
"Kimberly","Owen","kimberly.owen@hotmail.co.uk","3 Callender Gardens, Dundee, Angus, DD4 6BY"
"Donna","Montgomery","donna.montgomery@hotmail.co.uk","20 High Mill Court, Dundee, Angus, DD2 1UN"
"Karen","James","karen.james@live.com","61 Pinetree Avenue, Lenzie, Dunbartonshire, G66 4EQ"
"William","Lescott","william.lescott@aol.com","61 Pinetree Avenue, Lenzie, Dunbartonshire, G66 4EQ"
"Joanna","Barry","joanna.barry@live.com","98 Howatson Court, Livingston, Midlothian, EH54 7FH"
"William","Brown","william.brown@outlook.com","98 Howatson Court, Livingston, Midlothian, EH54 7FH"
"James","Baxter","james.baxter@aol.com","10 Princes Street, Dundee, Angus, DD4 6BY"
"Oscar","Lescott","oscar.lescott@googlemail.com","400 Coltness Rd, Wishaw, Lanarkshire, ML2 7HP"
"Kenneth","Baxter","kenneth.baxter@aol.com","400 Coltness Rd, Wishaw, Lanarkshire, ML2 7HP"
"Joseph","Smith","joseph.smith@live.co.uk","16 Pinetree Avenue, Lenzie, Dunbartonshire, G66 4EQ"
"Michelle","Hayes","michelle.hayes@aol.com","3 Callender Gardens, Dundee, Angus, DD4 6BY"
"Amber","Smith","amber.smith@gmail.com","1 Glasgow Road, Edinburgh, Midlothian, EH12 8HW"
"Donald","Smith","donald.smith@live.co.uk","20 High Mill Court, Dundee, Angus, DD2 1UN"
"Michael","Weir","michael.weir@live.com","98 Howatson Court, Livingston, Midlothian, EH54 7FH"
"Joanna","James","joanna.james@outlook.com","1 Glasgow Road, Edinburgh, Midlothian, EH12 8HW"
"Robert","McGregor","robert.mcgregor@outlook.com","61 Pinetree Avenue, Lenzie, Dunbartonshire, G66 4EQ"
"Bobby","Martin","bobby.martin@googlemail.com","1 Glasgow Road, Edinburgh, Midlothian, EH12 8HW"
"Emily","Baxter","emily.baxter@example.com","3 Callender Gardens, Dundee, Angus, DD4 6BY"
"Joseph","Lescott","joseph.lescott@aol.com","61 Pinetree Avenue, Lenzie, Dunbartonshire, G66 4EQ"
"Jennifer","Weir","jennifer.weir@aol.com","1 Glasgow Road, Edinburgh, Midlothian, EH12 8HW"
"Bernard","Montgomery","bernard.montgomery@gmail.com","20 High Mill Court, Dundee, Angus, DD2 1UN"
"Amber","Smith","amber.smith@hotmail.co.uk","20 High Mill Court, Dundee, Angus, DD2 1UN"
"Anthony","Hayes","anthony.hayes@aol.com","Castle Wynd, Stirling, Perthshire, FK8 1EJ"
"Carol","Weir","carol.weir@hotmail.co.uk","10 Princes Street, Dundee, Angus, DD4 6BY"
"Emily","Smith","emily.smith@live.com","61 Pinetree Avenue, Lenzie, Dunbartonshire, G66 4EQ"
"Andrew","McGregor","andrew.mcgregor@gmail.com","1 Glasgow Road, Edinburgh, Midlothian, EH12 8HW"
"Sarah","Jenkins","sarah.jenkins@outlook.com","Castle Wynd, Stirling, Perthshire, FK8 1EJ"
"Joshua","Hayes","joshua.hayes@hotmail.co.uk","61 Pinetree Avenue, Lenzie, Dunbartonshire, G66 4EQ"
"Barbara","Barry","barbara.barry@hotmail.com","3 Callender Gardens, Dundee, Angus, DD4 6BY"
"Stephen","Lescott","stephen.lescott@hotmail.com","111 Queen St, Glasgow, Glasgow, G1 3AH"
"James","James","james.james@helloworld.com","3 Callender Gardens, Dundee, Angus, DD4 6BY"
"Thomas","Norman","thomas.norman@aol.com","Castle Wynd, Stirling, Perthshire, FK8 1EJ"
"Joshua","Owen","joshua.owen@hotmail.co.uk","20 High Mill Court, Dundee, Angus, DD2 1UN"
"Linda","McGregor","linda.mcgregor@hotmail.com","61 Pinetree Avenue, Lenzie, Dunbartonshire, G66 4EQ"
"Amber","Montgomery","amber.montgomery@gmail.com","98 Howatson Court, Livingston, Midlothian, EH54 7FH"
"Emily","Hayes","emily.hayes@helloworld.com","400 Coltness Rd, Wishaw, Lanarkshire, ML2 7HP"
"Patricia","James","patricia.james@gmail.com","61 Pinetree Avenue, Lenzie, Dunbartonshire, G66 4EQ"
"Paul","Norman","paul.norman@aol.com","10 Princes Street, Dundee, Angus, DD4 6BY"
"Donald","Martin","donald.martin@hotmail.co.uk","Castle Wynd, Stirling, Perthshire, FK8 1EJ"
"Joseph","Weir","joseph.weir@live.co.uk","61 Pinetree Avenue, Lenzie, Dunbartonshire, G66 4EQ"
"Stephen","Hayes","stephen.hayes@hotmail.co.uk","61 Pinetree Avenue, Lenzie, Dunbartonshire, G66 4EQ"
"Oscar","Murray","oscar.murray@live.co.uk","10 Princes Street, Dundee, Angus, DD4 6BY"
"Martin","Norman","martin.norman@live.co.uk","16 Pinetree Avenue, Lenzie, Dunbartonshire, G66 4EQ"
"Patricia","Smith","patricia.smith@googlemail.com","Castle Wynd, Stirling, Perthshire, FK8 1EJ"
"Peter","Lescott","peter.lescott@googlemail.com","10 Princes Street, Dundee, Angus, DD4 6BY"
"Jessica","McGregor","jessica.mcgregor@aol.com","111 Queen St, Glasgow, Glasgow, G1 3AH"
"Martin","Norman","martin.norman@outlook.com","61 Pinetree Avenue, Lenzie, Dunbartonshire, G66 4EQ"
"Mark","Hayes","mark.hayes@live.com","3 Callender Gardens, Dundee, Angus, DD4 6BY"
"Amber","Hayes","amber.hayes@live.com","61 Pinetree Avenue, Lenzie, Dunbartonshire, G66 4EQ"
"Ashley","Jenkins","ashley.jenkins@live.co.uk","10 Princes Street, Dundee, Angus, DD4 6BY"
"Emily","Norman","emily.norman@outlook.com","400 Coltness Rd, Wishaw, Lanarkshire, ML2 7HP"
"Lisa","Norman","lisa.norman@live.com","20 High Mill Court, Dundee, Angus, DD2 1UN"
"Joanna","Martin","joanna.martin@hotmail.com","400 Coltness Rd, Wishaw, Lanarkshire, ML2 7HP"
"David","Murray","david.murray@aol.com","400 Coltness Rd, Wishaw, Lanarkshire, ML2 7HP"
"Patricia","Brown","patricia.brown@gmail.com","12 Northfield Farm Road, Edinburgh, Midlothian, EH8 7QR"
"Kenneth","McGregor","kenneth.mcgregor@aol.com","10 Princes Street, Dundee, Angus, DD4 6BY"
"Nancy","Norman","nancy.norman@live.co.uk","98 Howatson Court, Livingston, Midlothian, EH54 7FH"
"Kimberly","Smith","kimberly.smith@hotmail.com","98 Howatson Court, Livingston, Midlothian, EH54 7FH"
"Donald","Barry","donald.barry@hotmail.co.uk","400 Coltness Rd, Wishaw, Lanarkshire, ML2 7HP"
"Nancy","Hayes","nancy.hayes@example.com","111 Queen St, Glasgow, Glasgow, G1 3AH"
"Nancy","Hayes","nancy.hayes@googlemail.com","16 Pinetree Avenue, Lenzie, Dunbartonshire, G66 4EQ"
"Francis","Baxter","francis.baxter@aol.com","1 Glasgow Road, Edinburgh, Midlothian, EH12 8HW"
"Joanna","Murray","joanna.murray@googlemail.com","1 Glasgow Road, Edinburgh, Midlothian, EH12 8HW"
"Stephen","Smith","stephen.smith@gmail.com","1 Glasgow Road, Edinburgh, Midlothian, EH12 8HW"
"Lisa","Smith","lisa.smith@hotmail.co.uk","61 Pinetree Avenue, Lenzie, Dunbartonshire, G66 4EQ"
"Joshua","Scott","joshua.scott@googlemail.com","400 Coltness Rd, Wishaw, Lanarkshire, ML2 7HP"
"Elizabeth","Baxter","elizabeth.baxter@hotmail.co.uk","98 Howatson Court, Livingston, Midlothian, EH54 7FH"
"David","Murray","david.murray@outlook.com","Castle Wynd, Stirling, Perthshire, FK8 1EJ"
"Daniel","Barry","daniel.barry@hotmail.co.uk","12 Northfield Farm Road, Edinburgh, Midlothian, EH8 7QR"
"Amber","Scott","amber.scott@helloworld.com","16 Pinetree Avenue, Lenzie, Dunbartonshire, G66 4EQ"
"Patricia","Murray","patricia.murray@example.com","61 Pinetree Avenue, Lenzie, Dunbartonshire, G66 4EQ"