[{"personal_nino":"JM192456D","personal_title":"MR","personal_firstName":"Anthony","personal_secondName":"Kenneth","personal_lastName":"Lescott","personal_fullName":"Anthony Lescott","personal_startDate":"28/05/2000","personal_dobFormatted":"11/05/1978","personal_name1DrivingLicence":"LESCO705118A99TS","personal_email":"anthony.lescott@live.com","personal_mobileNumber":"07307144927","personal_gender":"M","personal_nationality":"Chinese","residentialAddress_firstLine":"400 Coltness Rd","residentialAddress_city":"Wishaw","residentialAddress_county":"Lanarkshire","residentialAddress_postCode":"ML2 7HP","residentialAddress_moveInDate":"28/01/2017","financial_accountName":"POCA","financial_accountNumber":"00198440","financial_iban":"Su80Xkln33645121705352","financial_sortCode":"355370","financial_swift":"EUguiY58Vsq","financial_rollNumber":"vpU-x540316/Q","financial_accountTypes":"BA45004"}]