[{"personal_nino":"NW050478D","personal_title":"PROF","personal_firstName":"Richard","personal_secondName":"Daniel","personal_lastName":"Murray","personal_fullName":"Richard Murray","personal_startDate":"17/12/2022","personal_dobFormatted":"03/07/1984","personal_name1DrivingLicence":"MURRA807034R99SG","personal_email":"richard.murray@helloworld.com","personal_mobileNumber":"07283145728","personal_gender":"M","personal_nationality":"Swiss","residentialAddress_firstLine":"Castle Wynd","residentialAddress_city":"Stirling","residentialAddress_county":"Perthshire","residentialAddress_postCode":"FK8 1EJ","residentialAddress_moveInDate":"17/11/2020","financial_accountName":"IMOVO","financial_accountNumber":"55540421","financial_iban":"wn35uMLX35114903202939","financial_sortCode":"260321","financial_swift":"iPzXds98Aff","financial_rollNumber":"NfI-R904942/s","financial_accountTypes":"BA45000"}]