[{"personal_nino":"KG292051B","personal_title":"MISS","personal_firstName":"Donald","personal_secondName":"Amber","personal_lastName":"Murray","personal_fullName":"Donald Murray","personal_startDate":"24/08/1996","personal_dobFormatted":"27/07/1992","personal_name1DrivingLicence":"MURRA907272D99IT","personal_email":"donald.murray@helloworld.com","personal_mobileNumber":"07238354761","personal_gender":"F","personal_nationality":"Australian","residentialAddress_firstLine":"61 Pinetree Avenue","residentialAddress_city":"Lenzie","residentialAddress_county":"Dunbartonshire","residentialAddress_postCode":"G66 4EQ","residentialAddress_moveInDate":"13/02/2022","financial_accountName":"Credit Union","financial_accountNumber":"87219574","financial_iban":"Xf80GxMA12686753334183","financial_sortCode":"095670","financial_swift":"RdptXd10mXi","financial_rollNumber":"cuk-y981567/N","financial_accountTypes":"BA45004"}]