[{"personal_nino":"LZ397619C","personal_title":"DR","personal_firstName":"Paul","personal_secondName":"Amber","personal_lastName":"Baxter","personal_fullName":"Paul Baxter","personal_startDate":"06/04/2020","personal_dobFormatted":"20/10/1973","personal_name1DrivingLicence":"BAXTE710203P99RT","personal_email":"paul.baxter@hotmail.com","personal_mobileNumber":"07181819520","personal_gender":"F","personal_nationality":"Australian","residentialAddress_firstLine":"61 Pinetree Avenue","residentialAddress_city":"Lenzie","residentialAddress_county":"Dunbartonshire","residentialAddress_postCode":"G66 4EQ","residentialAddress_moveInDate":"20/09/2014","financial_accountName":"POCA","financial_accountNumber":"58820277","financial_iban":"Kj01RZRX17964713666641","financial_sortCode":"019341","financial_swift":"PxoauF96UZO","financial_rollNumber":"yxw-X269824/u","financial_accountTypes":"BA45004"}]