[{"personal_nino":"OJ997260D","personal_title":"SIR","personal_firstName":"John","personal_secondName":"Linda","personal_lastName":"Martin","personal_fullName":"John Martin","personal_startDate":"07/07/1992","personal_dobFormatted":"22/04/1960","personal_name1DrivingLicence":"MARTI604220J99NG","personal_email":"john.martin@live.co.uk","personal_mobileNumber":"07222173298","personal_gender":"M","personal_nationality":"Chinese","residentialAddress_firstLine":"10 Princes Street","residentialAddress_city":"Dundee","residentialAddress_county":"Angus","residentialAddress_postCode":"DD4 6BY","residentialAddress_moveInDate":"15/09/2018","financial_accountName":"POCA","financial_accountNumber":"82826497","financial_iban":"nO56XHAz33637330238956","financial_sortCode":"970876","financial_swift":"vjoQMK62lZn","financial_rollNumber":"ezm-l268534/r","financial_accountTypes":"BA45000"}]