[{"personal_nino":"AA821539A","personal_title":"MISS","personal_firstName":"Betty","personal_secondName":"Thomas","personal_lastName":"Murray","personal_fullName":"Betty Murray","personal_startDate":"12/09/1999","personal_dobFormatted":"28/02/1998","personal_name1DrivingLicence":"MURRA902288B99NG","personal_email":"betty.murray@outlook.com","personal_mobileNumber":"07586765682","personal_gender":"M","personal_nationality":"Chinese","residentialAddress_firstLine":"10 Princes Street","residentialAddress_city":"Dundee","residentialAddress_county":"Angus","residentialAddress_postCode":"DD4 6BY","residentialAddress_moveInDate":"18/07/2012","financial_accountName":"Credit Union","financial_accountNumber":"67855303","financial_iban":"Be96nxkX98229039047863","financial_sortCode":"072689","financial_swift":"HpuOfk42YiE","financial_rollNumber":"NiE-n842016/h","financial_accountTypes":"BA45004"}]