[{"personal_nino":"OA543867B","personal_title":"PROF","personal_firstName":"Carol","personal_secondName":"Karen","personal_lastName":"Weir","personal_fullName":"Carol Weir","personal_startDate":"17/07/2018","personal_dobFormatted":"03/08/2004","personal_name1DrivingLicence":"WEI99108030C99SS","personal_email":"carol.weir@gmail.com","personal_mobileNumber":"07405569325","personal_gender":"F","personal_nationality":"American","residentialAddress_firstLine":"10 Princes Street","residentialAddress_city":"Dundee","residentialAddress_county":"Angus","residentialAddress_postCode":"DD4 6BY","residentialAddress_moveInDate":"26/08/2010","financial_accountName":"IMOVO","financial_accountNumber":"79553996","financial_iban":"kH28LMsy05939289011992","financial_sortCode":"889951","financial_swift":"brnlPZ73otp","financial_rollNumber":"Idj-K869858/g","financial_accountTypes":"BA45000"}]